epoch,step,test/f1_class_0_epoch,test/f1_class_0_step,test/f1_class_1_epoch,test/f1_class_1_step,test/f1_class_2_epoch,test/f1_class_2_step,test/f1_class_3_epoch,test/f1_class_3_step,test/f1_class_4_epoch,test/f1_class_4_step,test/f1_class_5_epoch,test/f1_class_5_step,test/iou_class_0_epoch,test/iou_class_0_step,test/iou_class_1_epoch,test/iou_class_1_step,test/iou_class_2_epoch,test/iou_class_2_step,test/iou_class_3_epoch,test/iou_class_3_step,test/iou_class_4_epoch,test/iou_class_4_step,test/iou_class_5_epoch,test/iou_class_5_step,test/loss_epoch,test/loss_step,train/f1_class_0,train/f1_class_1,train/f1_class_2,train/f1_class_3,train/f1_class_4,train/f1_class_5,train/iou_class_0,train/iou_class_1,train/iou_class_2,train/iou_class_3,train/iou_class_4,train/iou_class_5,train/loss,val/f1_class_0_epoch,val/f1_class_0_step,val/f1_class_1_epoch,val/f1_class_1_step,val/f1_class_2_epoch,val/f1_class_2_step,val/f1_class_3_epoch,val/f1_class_3_step,val/f1_class_4_epoch,val/f1_class_4_step,val/f1_class_5_epoch,val/f1_class_5_step,val/iou_class_0_epoch,val/iou_class_0_step,val/iou_class_1_epoch,val/iou_class_1_step,val/iou_class_2_epoch,val/iou_class_2_step,val/iou_class_3_epoch,val/iou_class_3_step,val/iou_class_4_epoch,val/iou_class_4_step,val/iou_class_5_epoch,val/iou_class_5_step,val/loss_epoch,val/loss_step
0,9,,,,,,,,,,,,,,,,,,,,,,,,,,,0.6225488781929016,0.0,0.0,0.0,0.593745768070221,0.04763559252023697,0.7673714756965637,0.0,0.0,0.0,0.7450947165489197,0.0909392461180687,0.8171841502189636,,,,,,,,,,,,,,,,,,,,,,,,,,
0,19,,,,,,,,,,,,,,,,,,,,,,,,,,,0.7063772082328796,0.014335953630506992,0.0009079881710931659,0.0,0.5618998408317566,0.09398576617240906,0.8279262185096741,0.028266677632927895,0.0018143289489671588,0.0,0.719508171081543,0.171822652220726,0.8311371803283691,,,,,,,,,,,,,,,,,,,,,,,,,,
0,29,,,,,,,,,,,,,,,,,,,,,,,,,,,0.5889723300933838,0.00014661562454421073,0.0,0.0,0.6017020344734192,0.11080159991979599,0.7413248419761658,0.00029318826273083687,0.0,0.0,0.7513283491134644,0.19949845969676971,0.8232633471488953,,,,,,,,,,,,,,,,,,,,,,,,,,
,0,,,,,,,,,,,,,,,,,,,,,,,,,,,,,,,,,,,,,,,,,0.6654421091079712,,0.0012016079854220152,,2.7282068913336843e-05,,0.0,,0.4014294147491455,,0.038367681205272675,,0.7991176843643188,,0.0024003316648304462,,5.4562649893341586e-05,,0.0,,0.5728856921195984,,0.07389999181032181,,433.44549560546875
,1,,,,,,,,,,,,,,,,,,,,,,,,,,,,,,,,,,,,,,,,,0.591588020324707,,0.0,,1.8603959688334726e-05,,0.0,,0.5084335803985596,,0.03481022268533707,,0.7433934211730957,,0.0,,3.72072245227173e-05,,0.0,,0.6741212606430054,,0.06727846711874008,,836.9190673828125
,2,,,,,,,,,,,,,,,,,,,,,,,,,,,,,,,,,,,,,,,,,0.7097702026367188,,0.0004141730023548007,,2.9934966732980683e-05,,0.0,,0.5875678062438965,,0.06375237554311752,,0.8302521705627441,,0.0008280030451714993,,5.986813994240947e-05,,0.0,,0.7402113080024719,,0.11986318230628967,,480.3921813964844
,3,,,,,,,,,,,,,,,,,,,,,,,,,,,,,,,,,,,,,,,,,0.6248169541358948,,0.0,,2.5945048037101515e-05,,0.0,,0.5495558381080627,,0.041412170976400375,,0.7690921425819397,,0.0,,5.1888750022044405e-05,,0.0,,0.7093075513839722,,0.07953079789876938,,500.779052734375
,4,,,,,,,,,,,,,,,,,,,,,,,,,,,,,,,,,,,,,,,,,0.6575953960418701,,0.0,,3.2583146094111726e-05,,0.0,,0.6217433214187622,,0.054591868072748184,,0.7934329509735107,,0.0,,6.516416760860011e-05,,0.0,,0.7667592167854309,,0.10353174805641174,,1193.7493896484375
,5,,,,,,,,,,,,,,,,,,,,,,,,,,,,,,,,,,,,,,,,,0.5927801132202148,,0.00019121503282804042,,2.602020867925603e-05,,0.0,,0.6349737048149109,,0.05487867072224617,,0.7443338632583618,,0.0003823569568339735,,5.203906403039582e-05,,0.0,,0.776738703250885,,0.10404736548662186,,950.5946044921875
,6,,,,,,,,,,,,,,,,,,,,,,,,,,,,,,,,,,,,,,,,,0.6099328994750977,,2.7756574127124622e-05,,4.0099846955854446e-05,,0.0,,0.5884013175964355,,0.04025861248373985,,0.757712185382843,,5.5511609389213845e-05,,8.019647793844342e-05,,0.0,,0.7408723831176758,,0.07740116119384766,,520.2586059570312
,7,,,,,,,,,,,,,,,,,,,,,,,,,,,,,,,,,,,,,,,,,0.7246994972229004,,0.0,,3.3669468393782154e-05,,0.0,,0.625872790813446,,0.03933872655034065,,0.840377688407898,,0.0,,6.733666668878868e-05,,0.0,,0.7698914408683777,,0.07569953054189682,,848.6871948242188
,8,,,,,,,,,,,,,,,,,,,,,,,,,,,,,,,,,,,,,,,,,0.6921972036361694,,0.0003638215712271631,,1.7057278455467895e-05,,0.0,,0.6158031225204468,,0.07457807660102844,,0.8181046843528748,,0.0007273785304278135,,3.4113974834326655e-05,,0.0,,0.7622254490852356,,0.1388043910264969,,904.83984375
,9,,,,,,,,,,,,,,,,,,,,,,,,,,,,,,,,,,,,,,,,,0.5960078835487366,,0.0,,0.0,,0.0,,0.590694010257721,,0.03784380480647087,,0.7468733787536621,,0.0,,0.0,,0.0,,0.7426871657371521,,0.07292775064706802,,1143.710693359375
0,38,,,,,,,,,,,,,,,,,,,,,,,,,,,,,,,,,,,,,,,,0.6489654779434204,,0.00023067007714416832,,2.6354990040999837e-05,,0.0,,0.5715501308441162,,0.048481885343790054,,0.7861081957817078,,0.00046096599544398487,,5.270841938909143e-05,,0.0,,0.7247281670570374,,0.09220191091299057,,781.3375854492188,
1,39,,,,,,,,,,,,,,,,,,,,,,,,,,,0.728523850440979,0.004057877231389284,0.0,0.0,0.5685871839523315,0.13284289836883545,0.8429433703422546,0.00808295514434576,0.0,0.0,0.7249672412872314,0.23453013598918915,0.8377911448478699,,,,,,,,,,,,,,,,,,,,,,,,,,
1,49,,,,,,,,,,,,,,,,,,,,,,,,,,,0.6909691095352173,0.050900306552648544,0.12683750689029694,0.0,0.5768550038337708,0.08727920800447464,0.8172463178634644,0.09686990082263947,0.22512118518352509,0.0,0.731652557849884,0.16054607927799225,0.8124006986618042,,,,,,,,,,,,,,,,,,,,,,,,,,
1,59,,,,,,,,,,,,,,,,,,,,,,,,,,,0.6841640472412109,0.10740149021148682,0.0005652628024108708,0.0,0.5911699533462524,0.245717391371727,0.8124672174453735,0.19397027790546417,0.0011298868339508772,0.0,0.7430632710456848,0.39449942111968994,0.8363488912582397,,,,,,,,,,,,,,,,,,,,,,,,,,
1,69,,,,,,,,,,,,,,,,,,,,,,,,,,,0.7435324788093567,0.12365759164094925,0.002677296055480838,0.004746552091091871,0.6644681692123413,0.24078290164470673,0.8529034852981567,0.2200983464717865,0.005340294912457466,0.009448257274925709,0.7984150052070618,0.38811448216438293,0.6514278054237366,,,,,,,,,,,,,,,,,,,,,,,,,,
,10,,,,,,,,,,,,,,,,,,,,,,,,,,,,,,,,,,,,,,,,,0.6790319085121155,,0.13694851100444794,,0.011778976768255234,,0.0,,0.44371700286865234,,0.3205530643463135,,0.8088374137878418,,0.24090538918972015,,0.023283695802092552,,0.0,,0.6146869659423828,,0.4854830503463745,,1.0525710582733154
,11,,,,,,,,,,,,,,,,,,,,,,,,,,,,,,,,,,,,,,,,,0.6073538661003113,,0.04515599459409714,,0.056185878813266754,,0.0,,0.5815751552581787,,0.19824297726154327,,0.7557189464569092,,0.0864100530743599,,0.10639391839504242,,0.0,,0.7354379296302795,,0.3308894634246826,,1.095465898513794
,12,,,,,,,,,,,,,,,,,,,,,,,,,,,,,,,,,,,,,,,,,0.6674070358276367,,0.030635904520750046,,0.02184574492275715,,0.0,,0.62397700548172,,0.312417209148407,,0.8005328178405762,,0.05945048853754997,,0.04275742173194885,,0.0,,0.768455445766449,,0.4760943651199341,,0.7817530035972595
,13,,,,,,,,,,,,,,,,,,,,,,,,,,,,,,,,,,,,,,,,,0.6537025570869446,,0.04314881190657616,,0.007784493267536163,,0.0,,0.616456151008606,,0.24659505486488342,,0.7905926704406738,,0.08272800594568253,,0.01544872671365738,,0.0,,0.7627254724502563,,0.39562976360321045,,0.9523212313652039
,14,,,,,,,,,,,,,,,,,,,,,,,,,,,,,,,,,,,,,,,,,0.7128318548202515,,0.03702683001756668,,0.0031488300301134586,,0.0,,0.6977311968803406,,0.40344396233558655,,0.8323430418968201,,0.07140958309173584,,0.006277892272919416,,0.0,,0.8219572305679321,,0.574934184551239,,0.6611894369125366
,15,,,,,,,,,,,,,,,,,,,,,,,,,,,,,,,,,,,,,,,,,0.6301347613334656,,0.07090896368026733,,0.009886374697089195,,0.0,,0.6588623523712158,,0.28267744183540344,,0.7731075882911682,,0.1324276328086853,,0.01957918331027031,,0.0,,0.7943544387817383,,0.4407615661621094,,0.8084089159965515
,16,,,,,,,,,,,,,,,,,,,,,,,,,,,,,,,,,,,,,,,,,0.6755394339561462,,0.03284246101975441,,0.0053886775858700275,,0.0,,0.6440199613571167,,0.2364388108253479,,0.8063545823097229,,0.06359626352787018,,0.010719590820372105,,0.0,,0.7834697365760803,,0.38245129585266113,,0.7618433833122253
,17,,,,,,,,,,,,,,,,,,,,,,,,,,,,,,,,,,,,,,,,,0.7613831758499146,,0.051413170993328094,,0.003522878512740135,,0.00650885421782732,,0.714788019657135,,0.24274508655071259,,0.8645287156105042,,0.09779822826385498,,0.0070210229605436325,,0.012933526188135147,,0.8336750864982605,,0.39065951108932495,,0.7254692316055298
,18,,,,,,,,,,,,,,,,,,,,,,,,,,,,,,,,,,,,,,,,,0.7155428528785706,,0.11834651976823807,,0.01491338387131691,,0.0,,0.6489962935447693,,0.1922610104084015,,0.8341882824897766,,0.21164552867412567,,0.029388487339019775,,0.0,,0.7871410250663757,,0.32251495122909546,,0.7433744072914124
,19,,,,,,,,,,,,,,,,,,,,,,,,,,,,,,,,,,,,,,,,,0.5569685697555542,,0.02755407616496086,,0.022778460755944252,,0.0,,0.5766459107398987,,0.13730250298976898,,0.7154525518417358,,0.053630415350198746,,0.04454231634736061,,0.0,,0.7314843535423279,,0.2414529174566269,,0.805920422077179
1,77,,,,,,,,,,,,,,,,,,,,,,,,,,,,,,,,,,,,,,,,0.6713512539863586,,0.060964226722717285,,0.015376397408545017,,0.0006828961777500808,,0.6228423714637756,,0.2631676197052002,,0.8022335171699524,,0.11277243494987488,,0.029852647334337234,,0.0013569601578637958,,0.7649052739143372,,0.41208550333976746,,0.8388316035270691,
2,79,,,,,,,,,,,,,,,,,,,,,,,,,,,0.6319869756698608,0.025254206731915474,0.004898578394204378,0.0,0.5194474458694458,0.34691575169563293,0.7745000123977661,0.04926428198814392,0.009749398566782475,0.0,0.6837320327758789,0.51512610912323,0.8391550779342651,,,,,,,,,,,,,,,,,,,,,,,,,,
2,89,,,,,,,,,,,,,,,,,,,,,,,,,,,0.5770360231399536,0.09827137738466263,0.002378504490479827,0.0,0.46330711245536804,0.13184404373168945,0.7317981719970703,0.17895644903182983,0.004745721351355314,0.0,0.6332328915596008,0.23297210037708282,0.9585968255996704,,,,,,,,,,,,,,,,,,,,,,,,,,
2,99,,,,,,,,,,,,,,,,,,,,,,,,,,,0.6721100807189941,0.15999121963977814,0.10110816359519958,0.0037656903732568026,0.6465215682983398,0.2321777492761612,0.8039065003395081,0.27584901452064514,0.1836480051279068,0.007503126282244921,0.7853180766105652,0.37685754895210266,0.6986860036849976,,,,,,,,,,,,,,,,,,,,,,,,,,
2,109,,,,,,,,,,,,,,,,,,,,,,,,,,,0.6710559129714966,0.12306246906518936,0.10369104146957397,0.0,0.5591440796852112,0.1980636864900589,0.8031519651412964,0.21915516257286072,0.1878986656665802,0.0,0.7172449231147766,0.33063966035842896,0.8292156457901001,,,,,,,,,,,,,,,,,,,,,,,,,,
,20,,,,,,,,,,,,,,,,,,,,,,,,,,,,,,,,,,,,,,,,,0.6099861860275269,,0.0,,0.006966690067201853,,0.0,,0.46900567412376404,,0.04053773358464241,,0.757753312587738,,0.0,,0.013836981728672981,,0.0,,0.6385348439216614,,0.07791689038276672,,30992.193359375
,21,,,,,,,,,,,,,,,,,,,,,,,,,,,,,,,,,,,,,,,,,0.6680294871330261,,0.0,,0.0015696745831519365,,0.0006191566935740411,,0.5741137266159058,,0.04208531603217125,,0.8009803891181946,,0.0,,0.003134429221972823,,0.0012375471414998174,,0.7294437289237976,,0.08077134191989899,,12866.70703125
,22,,,,,,,,,,,,,,,,,,,,,,,,,,,,,,,,,,,,,,,,,0.6067813038825989,,6.194379966473207e-05,,0.012300255708396435,,0.00017513135389890522,,0.5344776511192322,,0.03783811628818512,,0.755275547504425,,0.00012387991591822356,,0.024301594123244286,,0.00035020135692320764,,0.6966248750686646,,0.07291718572378159,,28925.0
,23,,,,,,,,,,,,,,,,,,,,,,,,,,,,,,,,,,,,,,,,,0.4949747323989868,,0.0002967285690829158,,0.0030965025071054697,,0.0002454790810588747,,0.48969265818595886,,0.03469366580247879,,0.6621847152709961,,0.0005932811181992292,,0.0061738877557218075,,0.0004908376722596586,,0.6574411988258362,,0.06706074625253677,,29468.53515625
,24,,,,,,,,,,,,,,,,,,,,,,,,,,,,,,,,,,,,,,,,,0.55718994140625,,0.0,,0.016445191577076912,,0.0,,0.5594344735145569,,0.0455089695751667,,0.7156351804733276,,0.0,,0.03235824778676033,,0.0,,0.7174837589263916,,0.08705610036849976,,18238.453125
,25,,,,,,,,,,,,,,,,,,,,,,,,,,,,,,,,,,,,,,,,,0.516572117805481,,0.0,,0.0,,0.0,,0.5852303504943848,,0.042560428380966187,,0.6812364459037781,,0.0,,0.0,,0.0,,0.7383536696434021,,0.08164596557617188,,35006.87890625
,26,,,,,,,,,,,,,,,,,,,,,,,,,,,,,,,,,,,,,,,,,0.5532228350639343,,0.0001524474791949615,,0.008023376576602459,,0.0,,0.5326191186904907,,0.045259956270456314,,0.7123547792434692,,0.00030484847957268357,,0.015919029712677002,,0.0,,0.6950443387031555,,0.08660037815570831,,30981.734375
,27,,,,,,,,,,,,,,,,,,,,,,,,,,,,,,,,,,,,,,,,,0.5968281626701355,,0.0,,0.0,,0.0015383539721369743,,0.5848710536956787,,0.01690230891108513,,0.7475170493125916,,0.0,,0.0,,0.003071982180699706,,0.7380676865577698,,0.033242739737033844,,26435.962890625
,28,,,,,,,,,,,,,,,,,,,,,,,,,,,,,,,,,,,,,,,,,0.6431448459625244,,1.4574497981811874e-05,,0.014742500148713589,,0.0,,0.6246846318244934,,0.027583276852965355,,0.7828218340873718,,2.9148570320103317e-05,,0.02905663289129734,,0.0,,0.7689918279647827,,0.05368572473526001,,29610.259765625
,29,,,,,,,,,,,,,,,,,,,,,,,,,,,,,,,,,,,,,,,,,0.6033946871757507,,0.0,,0.0025812387466430664,,0.0,,0.5346545577049255,,0.019237389788031578,,0.7526464462280273,,0.0,,0.005149186123162508,,0.0,,0.6967750787734985,,0.03774859383702278,,28299.908203125
2,116,,,,,,,,,,,,,,,,,,,,,,,,,,,,,,,,,,,,,,,,0.584108293056488,,5.5154814617708325e-05,,0.006768836174160242,,0.00027049140771850944,,0.5495779514312744,,0.036006782203912735,,0.7360631823539734,,0.00011028543667634949,,0.013378758914768696,,0.0005403875256888568,,0.7082122564315796,,0.06934568285942078,,27082.56640625,
3,119,,,,,,,,,,,,,,,,,,,,,,,,,,,0.7221627831459045,0.09049191325902939,0.24015527963638306,0.0,0.5543226599693298,0.17564274370670319,0.8386695981025696,0.16596531867980957,0.38729870319366455,0.0,0.7132658958435059,0.2988029420375824,0.8233692049980164,,,,,,,,,,,,,,,,,,,,,,,,,,
3,129,,,,,,,,,,,,,,,,,,,,,,,,,,,0.6867377161979675,0.1055508404970169,0.0196594949811697,0.0,0.5744904279708862,0.2035674899816513,0.8142791986465454,0.1909470558166504,0.0385609045624733,0.0,0.7297477722167969,0.3382734954357147,0.8412219882011414,,,,,,,,,,,,,,,,,,,,,,,,,,
3,139,,,,,,,,,,,,,,,,,,,,,,,,,,,0.7591725587844849,0.06290643662214279,0.036144107580184937,0.0,0.5073137283325195,0.16971710324287415,0.8631018996238708,0.11836683005094528,0.069766566157341,0.0,0.6731362342834473,0.2901848554611206,0.7839562296867371,,,,,,,,,,,,,,,,,,,,,,,,,,
3,149,,,,,,,,,,,,,,,,,,,,,,,,,,,0.6354547739028931,0.1983913779258728,0.11865051835775375,0.0,0.6030052900314331,0.2724885940551758,0.7770985960960388,0.3310961425304413,0.21213151514530182,0.0,0.752343475818634,0.4282766878604889,0.7983216643333435,,,,,,,,,,,,,,,,,,,,,,,,,,
,30,,,,,,,,,,,,,,,,,,,,,,,,,,,,,,,,,,,,,,,,,0.6575640439987183,,0.11973623186349869,,0.17738254368305206,,4.035431265947409e-05,,0.2310720682144165,,0.16386793553829193,,0.7934101223945618,,0.21386507153511047,,0.3013167679309845,,8.070536568993703e-05,,0.37539973855018616,,0.2815919816493988,,105.234619140625
,31,,,,,,,,,,,,,,,,,,,,,,,,,,,,,,,,,,,,,,,,,0.6733138561248779,,0.02636881172657013,,0.08908563107252121,,0.026774581521749496,,0.3755006492137909,,0.18458978831768036,,0.8047669529914856,,0.051382724195718765,,0.16359710693359375,,0.05215279385447502,,0.5459839701652527,,0.3116518259048462,,42.705780029296875
,32,,,,,,,,,,,,,,,,,,,,,,,,,,,,,,,,,,,,,,,,,0.6511830687522888,,0.07431961596012115,,0.0362028069794178,,0.03921568766236305,,0.2646660804748535,,0.161294624209404,,0.788747251033783,,0.13835662603378296,,0.06987591087818146,,0.07547169923782349,,0.4185549020767212,,0.277784138917923,,71.65367889404297
,33,,,,,,,,,,,,,,,,,,,,,,,,,,,,,,,,,,,,,,,,,0.5740615725517273,,0.05300484970211983,,0.16942885518074036,,0.003858982352539897,,0.297110378742218,,0.12586066126823425,,0.7294016480445862,,0.10067351162433624,,0.2897634208202362,,0.007688295561820269,,0.4581111669540405,,0.2235812395811081,,87.37554168701172
,34,,,,,,,,,,,,,,,,,,,,,,,,,,,,,,,,,,,,,,,,,0.638762891292572,,0.02651629038155079,,0.07811956107616425,,3.32468916894868e-05,,0.33085548877716064,,0.18090321123600006,,0.7795671820640564,,0.05166267976164818,,0.14491817355155945,,6.649157148785889e-05,,0.49720725417137146,,0.30638107657432556,,47.60584259033203
,35,,,,,,,,,,,,,,,,,,,,,,,,,,,,,,,,,,,,,,,,,0.5776705145835876,,0.09668516367673874,,0.06423886120319366,,0.0,,0.3204195201396942,,0.15742653608322144,,0.7323082089424133,,0.1763225644826889,,0.12072263658046722,,0.0,,0.48532989621162415,,0.2720285654067993,,126.47479248046875
,36,,,,,,,,,,,,,,,,,,,,,,,,,,,,,,,,,,,,,,,,,0.6589699983596802,,0.16662484407424927,,0.14386282861232758,,0.002202434465289116,,0.33315423130989075,,0.15534235537052155,,0.7944326996803284,,0.2856528162956238,,0.25153860449790955,,0.0043951887637376785,,0.4997984766960144,,0.2689113914966583,,93.18500518798828
,37,,,,,,,,,,,,,,,,,,,,,,,,,,,,,,,,,,,,,,,,,0.6432257294654846,,0.04763997346162796,,0.07706271857023239,,0.0052650487050414085,,0.3715194761753082,,0.07779992371797562,,0.7828817367553711,,0.0909472182393074,,0.143097922205925,,0.010474946349859238,,0.5417633652687073,,0.1443680226802826,,23.199583053588867
,38,,,,,,,,,,,,,,,,,,,,,,,,,,,,,,,,,,,,,,,,,0.7050508856773376,,0.15167950093746185,,0.08699658513069153,,0.0017374734161421657,,0.3888108730316162,,0.11526262015104294,,0.8270144462585449,,0.2634057402610779,,0.1600678265094757,,0.0034689195454120636,,0.5599191188812256,,0.2067004144191742,,77.88453674316406
,39,,,,,,,,,,,,,,,,,,,,,,,,,,,,,,,,,,,,,,,,,0.6759763956069946,,0.05260340869426727,,0.05598887801170349,,0.00020173491793684661,,0.28217387199401855,,0.040116775780916214,,0.8066657781600952,,0.09994915127754211,,0.10604066401720047,,0.0004033884615637362,,0.44014912843704224,,0.0771389827132225,,57.660213470458984
3,155,,,,,,,,,,,,,,,,,,,,,,,,,,,,,,,,,,,,,,,,0.6440829038619995,,0.08293989300727844,,0.09989503026008606,,0.008313178084790707,,0.3213654160499573,,0.14097411930561066,,0.7828009724617004,,0.14954668283462524,,0.17848996818065643,,0.016158776357769966,,0.48429080843925476,,0.2448764443397522,,73.29795837402344,
4,159,,,,,,,,,,,,,,,,,,,,,,,,,,,0.665415346622467,0.05803599953651428,0.10903889685869217,0.0,0.5835743546485901,0.2396276593208313,0.7990983724594116,0.10970515012741089,0.19663673639297485,0.0,0.7370343804359436,0.38661232590675354,0.8349791765213013,,,,,,,,,,,,,,,,,,,,,,,,,,
4,169,,,,,,,,,,,,,,,,,,,,,,,,,,,0.7144250869750977,0.29606157541275024,0.13277333974838257,0.0,0.6082979440689087,0.2269119918346405,0.833428144454956,0.4568634331226349,0.2344217151403427,0.0,0.7564493417739868,0.3698912262916565,0.6767517328262329,,,,,,,,,,,,,,,,,,,,,,,,,,
4,179,,,,,,,,,,,,,,,,,,,,,,,,,,,0.6690443754196167,0.008934810757637024,0.169514462351799,0.0,0.6831780076026917,0.3908565938472748,0.8017095327377319,0.017711373046040535,0.2898886203765869,0.0,0.8117715716362,0.5620372295379639,0.6335705518722534,,,,,,,,,,,,,,,,,,,,,,,,,,
4,189,,,,,,,,,,,,,,,,,,,,,,,,,,,0.7453610301017761,0.07264824211597443,0.09193001687526703,0.0,0.6628190875053406,0.15717260539531708,0.8541052937507629,0.13545584678649902,0.16838079690933228,0.0,0.7972233295440674,0.2716493606567383,0.7500486373901367,,,,,,,,,,,,,,,,,,,,,,,,,,
,40,,,,,,,,,,,,,,,,,,,,,,,,,,,,,,,,,,,,,,,,,0.6932646632194519,,0.3272187411785126,,0.043690092861652374,,0.07104397565126419,,0.367676317691803,,0.2666190266609192,,0.8188497424125671,,0.49308937788009644,,0.08372234553098679,,0.1326630413532257,,0.5376657247543335,,0.42099323868751526,,0.974085807800293
,41,,,,,,,,,,,,,,,,,,,,,,,,,,,,,,,,,,,,,,,,,0.6301623582839966,,0.12032847106456757,,0.005368539597839117,,0.03712725266814232,,0.41065481305122375,,0.16918541491031647,,0.77312833070755,,0.21480926871299744,,0.010679744184017181,,0.07159633189439774,,0.5822187066078186,,0.289407342672348,,1.0394401550292969
,42,,,,,,,,,,,,,,,,,,,,,,,,,,,,,,,,,,,,,,,,,0.7364736199378967,,0.1377638727426529,,0.008661763742566109,,0.003253062954172492,,0.4241756796836853,,0.2108801007270813,,0.8482404947280884,,0.24216601252555847,,0.01717476360499859,,0.006485029589384794,,0.5956788659095764,,0.348308801651001,,0.9138535261154175
,43,,,,,,,,,,,,,,,,,,,,,,,,,,,,,,,,,,,,,,,,,0.647701621055603,,0.14739397168159485,,0.2007201761007309,,0.0029058868531137705,,0.41734087467193604,,0.1915113776922226,,0.786188006401062,,0.2569195330142975,,0.33433297276496887,,0.005794933997094631,,0.5889068245887756,,0.3214595913887024,,1.0167438983917236
,44,,,,,,,,,,,,,,,,,,,,,,,,,,,,,,,,,,,,,,,,,0.7184008359909058,,0.17475315928459167,,0.03451702743768692,,0.0,,0.5080057978630066,,0.17535147070884705,,0.8361272215843201,,0.2975146770477295,,0.06673070788383484,,0.0,,0.6737451553344727,,0.29838132858276367,,0.9231731295585632
,45,,,,,,,,,,,,,,,,,,,,,,,,,,,,,,,,,,,,,,,,,0.613669216632843,,0.2685078978538513,,0.06450678408145905,,0.0,,0.36784985661506653,,0.20223301649093628,,0.7605885863304138,,0.4233444631099701,,0.12119562178850174,,0.0,,0.5378512144088745,,0.33642899990081787,,1.0086976289749146
,46,,,,,,,,,,,,,,,,,,,,,,,,,,,,,,,,,,,,,,,,,0.6518710255622864,,0.20362575352191925,,0.09282511472702026,,0.00396699458360672,,0.42019155621528625,,0.1528254896402359,,0.7892517447471619,,0.3383539319038391,,0.16988100111484528,,0.007902639918029308,,0.5917392373085022,,0.26513203978538513,,0.9999772310256958
,47,,,,,,,,,,,,,,,,,,,,,,,,,,,,,,,,,,,,,,,,,0.7836942672729492,,0.10414383560419083,,0.07044798135757446,,0.035081855952739716,,0.5032307505607605,,0.23937928676605225,,0.8787316083908081,,0.18864180147647858,,0.13162335753440857,,0.06778566539287567,,0.6695322394371033,,0.38628900051116943,,0.8035240173339844
,48,,,,,,,,,,,,,,,,,,,,,,,,,,,,,,,,,,,,,,,,,0.741588830947876,,0.32177233695983887,,0.05942399799823761,,0.023439491167664528,,0.44116947054862976,,0.0820358395576477,,0.8516233563423157,,0.4868801236152649,,0.11218171566724777,,0.04580532759428024,,0.6122381687164307,,0.1516323983669281,,0.9131902456283569
,49,,,,,,,,,,,,,,,,,,,,,,,,,,,,,,,,,,,,,,,,,0.6837530732154846,,0.23962585628032684,,0.012419040314853191,,0.00022007041843608022,,0.40875738859176636,,0.11324349790811539,,0.8121773600578308,,0.3866099715232849,,0.02453339844942093,,0.0004400440084282309,,0.5803091526031494,,0.2034478485584259,,0.9540514945983887
4,194,,,,,,,,,,,,,,,,,,,,,,,,,,,,,,,,,,,,,,,,0.6903680562973022,,0.20278654992580414,,0.06156161054968834,,0.01856371760368347,,0.42779776453971863,,0.18362562358379364,,0.8156536817550659,,0.330188125371933,,0.11127140372991562,,0.03549027815461159,,0.5978087782859802,,0.30700215697288513,,0.9546737670898438,
5,199,,,,,,,,,,,,,,,,,,,,,,,,,,,0.7121021747589111,0.09165388345718384,0.15281273424625397,0.04515599459409714,0.6870724558830261,0.18042348325252533,0.8318454027175903,0.16791747510433197,0.26511284708976746,0.0864100530743599,0.8145144581794739,0.30569279193878174,0.6515827775001526,,,,,,,,,,,,,,,,,,,,,,,,,,
5,209,,,,,,,,,,,,,,,,,,,,,,,,,,,0.6233935952186584,0.30715152621269226,0.21108238399028778,0.0,0.6716001629829407,0.22094550728797913,0.7680128812789917,0.4699555039405823,0.34858468174934387,0.0,0.8035416007041931,0.36192527413368225,0.7880131602287292,,,,,,,,,,,,,,,,,,,,,,,,,,
5,219,,,,,,,,,,,,,,,,,,,,,,,,,,,0.766420841217041,0.08464864641427994,0.27180251479148865,0.052033837884664536,0.6720346212387085,0.31883522868156433,0.8677669763565063,0.15608491003513336,0.42742881178855896,0.09892046451568604,0.8038524985313416,0.4835103154182434,0.6249885559082031,,,,,,,,,,,,,,,,,,,,,,,,,,
5,229,,,,,,,,,,,,,,,,,,,,,,,,,,,0.6779437065124512,0.38664281368255615,0.16931332647800446,0.0,0.6313758492469788,0.3806081712245941,0.8080649375915527,0.5576674938201904,0.289594441652298,0.0,0.774040937423706,0.5513630509376526,0.6623184680938721,,,,,,,,,,,,,,,,,,,,,,,,,,
,50,,,,,,,,,,,,,,,,,,,,,,,,,,,,,,,,,,,,,,,,,0.6657143831253052,,0.013635573908686638,,0.04130823165178299,,0.0,,0.4948067367076874,,0.4122263789176941,,0.7993139624595642,,0.026904292404651642,,0.07933910936117172,,0.0,,0.6620343923568726,,0.5837964415550232,,0.9763657450675964
,51,,,,,,,,,,,,,,,,,,,,,,,,,,,,,,,,,,,,,,,,,0.6056156158447266,,0.024235473945736885,,0.020470837131142616,,0.0,,0.6076930165290833,,0.2676900327205658,,0.7543718218803406,,0.04732402786612511,,0.04012037813663483,,0.0,,0.7559813857078552,,0.42232728004455566,,0.8434113264083862
,52,,,,,,,,,,,,,,,,,,,,,,,,,,,,,,,,,,,,,,,,,0.7410402297973633,,0.0008954008808359504,,0.04694420471787453,,0.0,,0.655915379524231,,0.3408347964286804,,0.8512614369392395,,0.0017891997704282403,,0.08967851847410202,,0.0,,0.7922087907791138,,0.5083919167518616,,0.805300235748291
,53,,,,,,,,,,,,,,,,,,,,,,,,,,,,,,,,,,,,,,,,,0.6550818085670471,,0.0017796673346310854,,0.26583200693130493,,0.0,,0.6494323015213013,,0.36445873975753784,,0.7916005253791809,,0.003553011454641819,,0.4200115203857422,,0.0,,0.7874615788459778,,0.5342172980308533,,2.2223989963531494
,54,,,,,,,,,,,,,,,,,,,,,,,,,,,,,,,,,,,,,,,,,0.7053561210632324,,0.02455863542854786,,0.05252077057957649,,0.0,,0.687885582447052,,0.4277314245700836,,0.8272244334220886,,0.047939930111169815,,0.0997999757528305,,0.0,,0.8150855898857117,,0.599176287651062,,0.7369977831840515
,55,,,,,,,,,,,,,,,,,,,,,,,,,,,,,,,,,,,,,,,,,0.6253390312194824,,0.01260254718363285,,0.1229606419801712,,0.0,,0.6457852125167847,,0.3198172152042389,,0.7694875001907349,,0.024891400709748268,,0.218993678689003,,0.0,,0.7847746014595032,,0.48463863134384155,,0.7650176882743835
,56,,,,,,,,,,,,,,,,,,,,,,,,,,,,,,,,,,,,,,,,,0.624453604221344,,0.008425298146903515,,0.22172856330871582,,0.0,,0.6841205954551697,,0.2747230529785156,,0.7688168287277222,,0.016709810122847557,,0.362975150346756,,0.0,,0.812436580657959,,0.431031733751297,,0.9779073596000671
,57,,,,,,,,,,,,,,,,,,,,,,,,,,,,,,,,,,,,,,,,,0.78007972240448,,0.005236003082245588,,0.06795825064182281,,0.0,,0.7192223072052002,,0.3412873446941376,,0.8764548301696777,,0.010417460463941097,,0.12726761400699615,,0.0,,0.8366833329200745,,0.5088951587677002,,1.4777768850326538
,58,,,,,,,,,,,,,,,,,,,,,,,,,,,,,,,,,,,,,,,,,0.7450329661369324,,0.019910825416445732,,0.15775470435619354,,0.0,,0.6819927096366882,,0.16784781217575073,,0.8538898825645447,,0.039044249802827835,,0.2725183367729187,,0.0,,0.8109341859817505,,0.28744807839393616,,0.9802939295768738
,59,,,,,,,,,,,,,,,,,,,,,,,,,,,,,,,,,,,,,,,,,0.6230288743972778,,0.008931711316108704,,0.031711988151073456,,0.0,,0.6325151920318604,,0.21316461265087128,,0.7677360773086548,,0.0177052840590477,,0.06147449463605881,,0.0,,0.7748965620994568,,0.3514190912246704,,2.792757749557495
5,233,,,,,,,,,,,,,,,,,,,,,,,,,,,,,,,,,,,,,,,,0.6797322034835815,,0.01217305101454258,,0.10642100870609283,,0.0,,0.6465969681739807,,0.31788700819015503,,0.8078983426094055,,0.023919139057397842,,0.18291017413139343,,0.0,,0.7836605310440063,,0.4770217537879944,,1.2578227519989014,
6,239,,,,,,,,,,,,,,,,,,,,,,,,,,,0.678855299949646,0.41681259870529175,0.09244344383478165,0.0,0.7106305360794067,0.3545914888381958,0.8087121248245239,0.5883806943893433,0.16924160718917847,0.0,0.8308404684066772,0.5235400795936584,0.6365622282028198,,,,,,,,,,,,,,,,,,,,,,,,,,
6,249,,,,,,,,,,,,,,,,,,,,,,,,,,,0.6810621619224548,0.352862685918808,0.26032376289367676,0.208919957280159,0.5896514058113098,0.3046378493309021,0.8102760314941406,0.5216533541679382,0.41310620307922363,0.3456307649612427,0.7418625354766846,0.46700751781463623,0.778274416923523,,,,,,,,,,,,,,,,,,,,,,,,,,
6,259,,,,,,,,,,,,,,,,,,,,,,,,,,,0.7265943288803101,0.2977069914340973,0.29160723090171814,0.018561484292149544,0.7391628623008728,0.31534674763679504,0.8416503071784973,0.45882004499435425,0.4515416622161865,0.0364464707672596,0.8500214219093323,0.47948840260505676,0.602056622505188,,,,,,,,,,,,,,,,,,,,,,,,,,
6,269,,,,,,,,,,,,,,,,,,,,,,,,,,,0.6654818654060364,0.21384747326374054,0.26230964064598083,0.0,0.5468793511390686,0.4214402735233307,0.799146294593811,0.3523465394973755,0.4156026840209961,0.0,0.7070743441581726,0.592976450920105,0.732817530632019,,,,,,,,,,,,,,,,,,,,,,,,,,
,60,,,,,,,,,,,,,,,,,,,,,,,,,,,,,,,,,,,,,,,,,0.6508485078811646,,0.4272935092449188,,0.05022992938756943,,0.0,,0.4869021773338318,,0.47478532791137695,,0.7885017991065979,,0.5987464785575867,,0.09565510600805283,,0.0,,0.6549215912818909,,0.6438704133033752,,4.697596549987793
,61,,,,,,,,,,,,,,,,,,,,,,,,,,,,,,,,,,,,,,,,,0.6614071726799011,,0.1251700222492218,,0.09601571410894394,,0.0014003125252202153,,0.5699745416641235,,0.3186306059360504,,0.7962011694908142,,0.2224908471107483,,0.17520864307880402,,0.002796708606183529,,0.7260940074920654,,0.48327499628067017,,7.395589351654053
,62,,,,,,,,,,,,,,,,,,,,,,,,,,,,,,,,,,,,,,,,,0.6772727370262146,,0.16247056424617767,,0.09888457506895065,,0.0038882934022694826,,0.5932117104530334,,0.34599003195762634,,0.8075881004333496,,0.27952632308006287,,0.17997263371944427,,0.007746465969830751,,0.744674026966095,,0.5141049027442932,,6.5732741355896
,63,,,,,,,,,,,,,,,,,,,,,,,,,,,,,,,,,,,,,,,,,0.5445107817649841,,0.256357342004776,,0.24973875284194946,,0.0011526161106303334,,0.4937334954738617,,0.3366621434688568,,0.7050915956497192,,0.40809622406959534,,0.3996655344963074,,0.0023025781847536564,,0.6610730886459351,,0.5037356019020081,,10.061380386352539
,64,,,,,,,,,,,,,,,,,,,,,,,,,,,,,,,,,,,,,,,,,0.6163046360015869,,0.08336859941482544,,0.07450370490550995,,0.0,,0.5984862446784973,,0.4422699511051178,,0.7626094818115234,,0.15390625596046448,,0.13867557048797607,,0.0,,0.7488162517547607,,0.6132970452308655,,5.885732173919678
,65,,,,,,,,,,,,,,,,,,,,,,,,,,,,,,,,,,,,,,,,,0.589336633682251,,0.31302136182785034,,0.062048908323049545,,0.0,,0.600225567817688,,0.34766101837158203,,0.7416133284568787,,0.4767955243587494,,0.11684755235910416,,0.0,,0.750176191329956,,0.5159472823143005,,5.038964748382568
,66,,,,,,,,,,,,,,,,,,,,,,,,,,,,,,,,,,,,,,,,,0.6235235333442688,,0.2040037363767624,,0.2559283971786499,,0.000922845269087702,,0.5512869358062744,,0.3184487223625183,,0.7681114673614502,,0.33887559175491333,,0.4075525403022766,,0.0018439888954162598,,0.7107478380203247,,0.48306575417518616,,5.355992317199707
,67,,,,,,,,,,,,,,,,,,,,,,,,,,,,,,,,,,,,,,,,,0.6607839465141296,,0.10772205889225006,,0.12305324524641037,,0.011368144303560257,,0.6437033414840698,,0.2552647292613983,,0.7957494258880615,,0.19449293613433838,,0.21914052963256836,,0.02248072437942028,,0.7832354307174683,,0.40671059489250183,,8.182477951049805
,68,,,,,,,,,,,,,,,,,,,,,,,,,,,,,,,,,,,,,,,,,0.730903148651123,,0.3740890324115753,,0.2991273105144501,,0.0006229438004083931,,0.6605895757675171,,0.2230951189994812,,0.8445338606834412,,0.5444902181625366,,0.46050500869750977,,0.0012451119255274534,,0.7956085205078125,,0.364804208278656,,5.397860527038574
,69,,,,,,,,,,,,,,,,,,,,,,,,,,,,,,,,,,,,,,,,,0.6668609380722046,,0.3275381922721863,,0.10049766302108765,,0.0,,0.5741878151893616,,0.18872244656085968,,0.800139844417572,,0.4934520125389099,,0.18264038860797882,,0.0,,0.7295035719871521,,0.31752148270606995,,4.422089099884033
6,272,,,,,,,,,,,,,,,,,,,,,,,,,,,,,,,,,,,,,,,,0.6409611701965332,,0.23370501399040222,,0.14299488067626953,,0.0020307048689574003,,0.5773797631263733,,0.3318627178668976,,0.780073344707489,,0.36506932973861694,,0.2402886003255844,,0.004030486568808556,,0.7305333614349365,,0.4928518831729889,,6.301095008850098,
7,279,,,,,,,,,,,,,,,,,,,,,,,,,,,0.67779940366745,0.31521931290626526,0.23854590952396393,0.038596492260694504,0.5862483382225037,0.3511015772819519,0.8079623579978943,0.4793410897254944,0.38520318269729614,0.07432432472705841,0.7391633987426758,0.5197263956069946,0.7075732946395874,,,,,,,,,,,,,,,,,,,,,,,,,,
7,289,,,,,,,,,,,,,,,,,,,,,,,,,,,0.6759009957313538,0.4289814531803131,0.22319093346595764,0.0010633772471919656,0.6792447566986084,0.35420137643814087,0.8066120743751526,0.6004016995429993,0.36493226885795593,0.0021244953386485577,0.8089883923530579,0.5231147408485413,0.6831073760986328,,,,,,,,,,,,,,,,,,,,,,,,,,
7,299,,,,,,,,,,,,,,,,,,,,,,,,,,,0.6484459638595581,0.04009242355823517,0.35181745886802673,0.021379444748163223,0.5868111848831177,0.27537456154823303,0.7867360711097717,0.07709396630525589,0.5205103158950806,0.04186386242508888,0.7396106123924255,0.4318332374095917,0.8098526000976562,,,,,,,,,,,,,,,,,,,,,,,,,,
7,309,,,,,,,,,,,,,,,,,,,,,,,,,,,0.7195394039154053,0.37257230281829834,0.3091678321361542,9.37382792471908e-05,0.6266712546348572,0.26892194151878357,0.8368978500366211,0.5428818464279175,0.47231200337409973,0.00018745899433270097,0.7704952955245972,0.4238589107990265,0.6882678270339966,,,,,,,,,,,,,,,,,,,,,,,,,,
,70,,,,,,,,,,,,,,,,,,,,,,,,,,,,,,,,,,,,,,,,,0.7121612429618835,,0.27425384521484375,,0.25281229615211487,,0.0,,0.5293521285057068,,0.4704454243183136,,0.8318856954574585,,0.4304540157318115,,0.40359166264533997,,0.0,,0.6922566890716553,,0.639867901802063,,0.6657058000564575
,71,,,,,,,,,,,,,,,,,,,,,,,,,,,,,,,,,,,,,,,,,0.7029799818992615,,0.10782264173030853,,0.10613253712654114,,0.0,,0.6474643349647522,,0.29044032096862793,,0.8255881071090698,,0.1946568638086319,,0.1918984055519104,,0.0,,0.7860131859779358,,0.45014142990112305,,0.7049569487571716
,72,,,,,,,,,,,,,,,,,,,,,,,,,,,,,,,,,,,,,,,,,0.7270523905754089,,0.08971809595823288,,0.18437565863132477,,0.0,,0.5660457611083984,,0.3764558434486389,,0.8419575095176697,,0.1646629422903061,,0.3113465905189514,,0.0,,0.7228981256484985,,0.5469929575920105,,0.7088288068771362
,73,,,,,,,,,,,,,,,,,,,,,,,,,,,,,,,,,,,,,,,,,0.6151017546653748,,0.10704325139522552,,0.4174405634403229,,0.0,,0.5452781319618225,,0.3394332230091095,,0.7616879343986511,,0.19338585436344147,,0.5890060663223267,,0.0,,0.7057346105575562,,0.5068311095237732,,0.7676486372947693
,74,,,,,,,,,,,,,,,,,,,,,,,,,,,,,,,,,,,,,,,,,0.6928620338439941,,0.07773363590240479,,0.11868713051080704,,0.0,,0.6561129689216614,,0.40150976181030273,,0.8185688257217407,,0.14425387978553772,,0.21219003200531006,,0.0,,0.7923529148101807,,0.5729674696922302,,0.7026068568229675
,75,,,,,,,,,,,,,,,,,,,,,,,,,,,,,,,,,,,,,,,,,0.6400216221809387,,0.27080491185188293,,0.1959153711795807,,0.0,,0.6063554883003235,,0.3717103898525238,,0.7805038690567017,,0.42619433999061584,,0.3276408612728119,,0.0,,0.7549455761909485,,0.5419663190841675,,0.7394474148750305
,76,,,,,,,,,,,,,,,,,,,,,,,,,,,,,,,,,,,,,,,,,0.6656287312507629,,0.14825975894927979,,0.35540422797203064,,0.0,,0.6486424803733826,,0.27154117822647095,,0.7992522120475769,,0.25823384523391724,,0.5244254469871521,,0.0,,0.7868807315826416,,0.4271056056022644,,0.7211611866950989
,77,,,,,,,,,,,,,,,,,,,,,,,,,,,,,,,,,,,,,,,,,0.763256311416626,,0.13489030301570892,,0.2626711130142212,,0.0,,0.6944449543952942,,0.42137837409973145,,0.8657349348068237,,0.23771513998508453,,0.41605624556541443,,0.0,,0.8196724653244019,,0.5929151177406311,,0.6541470885276794
,78,,,,,,,,,,,,,,,,,,,,,,,,,,,,,,,,,,,,,,,,,0.7699843049049377,,0.31782418489456177,,0.3720235824584961,,0.0,,0.694060742855072,,0.21802403032779694,,0.8700464963912964,,0.48234686255455017,,0.5422990918159485,,0.0,,0.8194047808647156,,0.35799625515937805,,0.5699707269668579
,79,,,,,,,,,,,,,,,,,,,,,,,,,,,,,,,,,,,,,,,,,0.7253140211105347,,0.31749019026756287,,0.11694156378507614,,0.0,,0.5641384720802307,,0.22468894720077515,,0.8407907485961914,,0.481962114572525,,0.20939603447914124,,0.0,,0.7213408350944519,,0.3669322729110718,,0.7108482122421265
7,311,,,,,,,,,,,,,,,,,,,,,,,,,,,,,,,,,,,,,,,,0.7002618908882141,,0.17804770171642303,,0.24420590698719025,,0.0,,0.6177002191543579,,0.34416306018829346,,0.8227562308311462,,0.29250583052635193,,0.38082054257392883,,0.0,,0.762058675289154,,0.5069342851638794,,0.6945322155952454,
8,319,,,,,,,,,,,,,,,,,,,,,,,,,,,0.7703788876533508,0.276682585477829,0.38238462805747986,0.0,0.6643694043159485,0.37315666675567627,0.8702983260154724,0.4334399104118347,0.5532246828079224,0.0,0.7983437180519104,0.5435019731521606,0.5822193026542664,,,,,,,,,,,,,,,,,,,,,,,,,,
8,329,,,,,,,,,,,,,,,,,,,,,,,,,,,0.6915082931518555,0.33070456981658936,0.1996852606534958,0.23188655078411102,0.5862985253334045,0.41154372692108154,0.8176233172416687,0.49703678488731384,0.33289608359336853,0.37647387385368347,0.7392032742500305,0.5831115245819092,0.7124074101448059,,,,,,,,,,,,,,,,,,,,,,,,,,
8,339,,,,,,,,,,,,,,,,,,,,,,,,,,,0.717710018157959,0.18338929116725922,0.3056275248527527,0.00018927444762084633,0.6812088489532471,0.35729101300239563,0.8356590867042542,0.30993908643722534,0.46816954016685486,0.00037847727071493864,0.8103798031806946,0.5264766216278076,0.6382662057876587,,,,,,,,,,,,,,,,,,,,,,,,,,
8,349,,,,,,,,,,,,,,,,,,,,,,,,,,,0.720334529876709,0.2356197088956833,0.2764660120010376,0.14809313416481018,0.6856204867362976,0.5147405862808228,0.8374354243278503,0.38137900829315186,0.43317410349845886,0.2579810619354248,0.8134933114051819,0.6796419024467468,0.5815764665603638,,,,,,,,,,,,,,,,,,,,,,,,,,
,80,,,,,,,,,,,,,,,,,,,,,,,,,,,,,,,,,,,,,,,,,0.6914569139480591,,0.23690266907215118,,0.1644117385149002,,0.0,,0.5699405074119568,,0.5199921727180481,,0.8175873756408691,,0.3830578923225403,,0.28239449858665466,,0.0,,0.7260664105415344,,0.6842037439346313,,0.6824819445610046
,81,,,,,,,,,,,,,,,,,,,,,,,,,,,,,,,,,,,,,,,,,0.720401406288147,,0.03322712704539299,,0.10396303981542587,,0.00026386964600533247,,0.6369420886039734,,0.4018085300922394,,0.8374806046485901,,0.06431718170642853,,0.18834513425827026,,0.0005276000592857599,,0.7782096862792969,,0.573271632194519,,0.62754887342453
,82,,,,,,,,,,,,,,,,,,,,,,,,,,,,,,,,,,,,,,,,,0.7245225310325623,,0.05597641319036484,,0.2098093032836914,,0.018139632418751717,,0.6377465724945068,,0.3811579942703247,,0.8402587175369263,,0.1060183048248291,,0.34684690833091736,,0.0356328971683979,,0.7788098454475403,,0.5519397258758545,,0.6302410364151001
,83,,,,,,,,,,,,,,,,,,,,,,,,,,,,,,,,,,,,,,,,,0.5880277156829834,,0.022651737555861473,,0.38919174671173096,,0.0001824151840992272,,0.581767737865448,,0.38342663645744324,,0.7405761480331421,,0.044300004839897156,,0.5603139400482178,,0.00036476380773819983,,0.7355918288230896,,0.554314374923706,,0.7386175394058228
,84,,,,,,,,,,,,,,,,,,,,,,,,,,,,,,,,,,,,,,,,,0.6661582589149475,,0.0874289721250534,,0.15906298160552979,,0.0,,0.6751290559768677,,0.5634558796882629,,0.799633800983429,,0.16079941391944885,,0.27446821331977844,,0.0,,0.8060621619224548,,0.7207825779914856,,0.6325898170471191
,85,,,,,,,,,,,,,,,,,,,,,,,,,,,,,,,,,,,,,,,,,0.6256075501441956,,0.20393314957618713,,0.19121263921260834,,0.0,,0.6595189571380615,,0.38664695620536804,,0.769690752029419,,0.33877819776535034,,0.3210386335849762,,0.0,,0.7948314547538757,,0.5576717853546143,,0.7069350481033325
,86,,,,,,,,,,,,,,,,,,,,,,,,,,,,,,,,,,,,,,,,,0.6734577417373657,,0.030528878793120384,,0.264526903629303,,0.0,,0.6792786717414856,,0.3641422390937805,,0.8048697113990784,,0.05924895405769348,,0.41838082671165466,,0.0,,0.8090124726295471,,0.5338772535324097,,0.6683505773544312
,87,,,,,,,,,,,,,,,,,,,,,,,,,,,,,,,,,,,,,,,,,0.7127811908721924,,0.08427388966083527,,0.08797544986009598,,0.00021965953055769205,,0.6670969128608704,,0.36267775297164917,,0.8323085308074951,,0.1554476022720337,,0.16172322630882263,,0.00043922258191742003,,0.8003097176551819,,0.5323015451431274,,0.6562932729721069
,88,,,,,,,,,,,,,,,,,,,,,,,,,,,,,,,,,,,,,,,,,0.777138888835907,,0.16896063089370728,,0.3943403661251068,,0.00297692883759737,,0.7445189356803894,,0.3435650169849396,,0.8745955228805542,,0.28907838463783264,,0.5656300187110901,,0.005936185829341412,,0.8535521030426025,,0.5114229917526245,,0.5140730738639832
,89,,,,,,,,,,,,,,,,,,,,,,,,,,,,,,,,,,,,,,,,,0.7413513660430908,,0.09737248718738556,,0.1924203783273697,,0.0,,0.6853589415550232,,0.2565527856349945,,0.851466715335846,,0.1774647831916809,,0.3227391541004181,,0.0,,0.8133091330528259,,0.4083438217639923,,0.5963778495788574
8,350,,,,,,,,,,,,,,,,,,,,,,,,,,,,,,,,,,,,,,,,0.6896676421165466,,0.1023593544960022,,0.21683594584465027,,0.0022853778209537268,,0.6521742939949036,,0.40321749448776245,,0.8151441812515259,,0.17787006497383118,,0.3452428877353668,,0.0045010545291006565,,0.7884081602096558,,0.5704098343849182,,0.6453508734703064,
9,359,,,,,,,,,,,,,,,,,,,,,,,,,,,0.5921634435653687,0.42920973896980286,0.32494595646858215,7.026419189060107e-05,0.5633832812309265,0.4061342179775238,0.7438475489616394,0.6006252765655518,0.4905044436454773,0.0001405185175826773,0.7207232117652893,0.5776606798171997,0.7475089430809021,,,,,,,,,,,,,,,,,,,,,,,,,,
9,369,,,,,,,,,,,,,,,,,,,,,,,,,,,0.6503374576568604,0.18653742969036102,0.22316870093345642,0.14012207090854645,0.5922175645828247,0.2900870740413666,0.7881266474723816,0.31442317366600037,0.3649025559425354,0.2458018809556961,0.7438902258872986,0.44971704483032227,0.7336304187774658,,,,,,,,,,,,,,,,,,,,,,,,,,
9,379,,,,,,,,,,,,,,,,,,,,,,,,,,,0.690997302532196,0.2688124179840088,0.23364274203777313,0.23926380276679993,0.6879118084907532,0.38793623447418213,0.8172659873962402,0.42372286319732666,0.37878507375717163,0.3861386179924011,0.8151040077209473,0.5590115785598755,0.6505804657936096,,,,,,,,,,,,,,,,,,,,,,,,,,
9,389,,,,,,,,,,,,,,,,,,,,,,,,,,,0.7376101613044739,0.007614213041961193,0.0,0.0,0.6315990686416626,0.6532899141311646,0.8489938378334045,0.015113350003957748,0.0,0.0,0.774208664894104,0.7902908325195312,0.486367404460907,,,,,,,,,,,,,,,,,,,,,,,,,,
,90,,,,,,,,,,,,,,,,,,,,,,,,,,,,,,,,,,,,,,,,,0.7396878004074097,,0.4520607888698578,,0.33540260791778564,,0.0,,0.5940535068511963,,0.514771044254303,,0.8503684401512146,,0.622647225856781,,0.5023243427276611,,0.0,,0.7453369498252869,,0.6796684861183167,,0.611935555934906
,91,,,,,,,,,,,,,,,,,,,,,,,,,,,,,,,,,,,,,,,,,0.7098279595375061,,0.1448560357093811,,0.11789470165967941,,0.00012611931015271693,,0.6543173789978027,,0.3180118203163147,,0.8302916884422302,,0.25305548310279846,,0.2109227329492569,,0.00025220680981874466,,0.7910420894622803,,0.48256292939186096,,0.6486879587173462
,92,,,,,,,,,,,,,,,,,,,,,,,,,,,,,,,,,,,,,,,,,0.7389352321624756,,0.3042386770248413,,0.24069051444530487,,0.0,,0.6785084009170532,,0.3337540924549103,,0.8498709201812744,,0.46653833985328674,,0.3879944384098053,,0.0,,0.8084658980369568,,0.5004732012748718,,0.5927327871322632
,93,,,,,,,,,,,,,,,,,,,,,,,,,,,,,,,,,,,,,,,,,0.6415305137634277,,0.24567393958568573,,0.48648977279663086,,0.0010823487536981702,,0.613777756690979,,0.3136769235134125,,0.7816248536109924,,0.39444342255592346,,0.6545484066009521,,0.002162356860935688,,0.7606719732284546,,0.47755566239356995,,0.7081507444381714
,94,,,,,,,,,,,,,,,,,,,,,,,,,,,,,,,,,,,,,,,,,0.7348266243934631,,0.13074557483196259,,0.2563897669315338,,0.0,,0.7003270387649536,,0.4626375734806061,,0.8471470475196838,,0.23125550150871277,,0.40813732147216797,,0.0,,0.82375568151474,,0.6326072812080383,,0.5785685777664185
,95,,,,,,,,,,,,,,,,,,,,,,,,,,,,,,,,,,,,,,,,,0.6825118660926819,,0.3760622441768646,,0.4261937141418457,,0.0,,0.7040671110153198,,0.37948498129844666,,0.8113011121749878,,0.5465773940086365,,0.5976659655570984,,0.0,,0.8263372778892517,,0.5501835346221924,,0.6396971344947815
,96,,,,,,,,,,,,,,,,,,,,,,,,,,,,,,,,,,,,,,,,,0.721656322479248,,0.3421630859375,,0.49901121854782104,,0.006420545745640993,,0.7187015414237976,,0.3139868676662445,,0.8383280038833618,,0.5098681449890137,,0.6657871603965759,,0.01275917049497366,,0.8363308310508728,,0.4779147505760193,,0.6979160308837891
,97,,,,,,,,,,,,,,,,,,,,,,,,,,,,,,,,,,,,,,,,,0.7828209400177002,,0.272710382938385,,0.2716430425643921,,0.0009433962404727936,,0.7525032162666321,,0.3560744524002075,,0.8781823515892029,,0.4285505712032318,,0.4272315800189972,,0.001885014120489359,,0.85877525806427,,0.525154709815979,,0.5991359949111938
,98,,,,,,,,,,,,,,,,,,,,,,,,,,,,,,,,,,,,,,,,,0.7706483006477356,,0.5233390927314758,,0.4460674226284027,,0.0,,0.763013482093811,,0.30861884355545044,,0.8704702258110046,,0.6870946884155273,,0.6169386506080627,,0.0,,0.8655787706375122,,0.47167107462882996,,0.6311101317405701
,99,,,,,,,,,,,,,,,,,,,,,,,,,,,,,,,,,,,,,,,,,0.74232417345047,,0.2960841953754425,,0.1686784029006958,,0.0,,0.6927042007446289,,0.1965433806180954,,0.8521080017089844,,0.45689037442207336,,0.288665235042572,,0.0,,0.818458616733551,,0.3285185992717743,,0.5902175307273865
9,389,,,,,,,,,,,,,,,,,,,,,,,,,,,,,,,,,,,,,,,,0.7256976366043091,,0.3094184398651123,,0.33252644538879395,,0.0008994003874249756,,0.686926543712616,,0.357291042804718,,0.8404213786125183,,0.4598299264907837,,0.4852358102798462,,0.001789770321920514,,0.8132302761077881,,0.521685779094696,,0.6298152208328247,
10,399,,,,,,,,,,,,,,,,,,,,,,,,,,,0.7264811396598816,0.25178056955337524,0.3379846215248108,0.024140378460288048,0.631527304649353,0.3555164039134979,0.8415743708610535,0.4022758901119232,0.505214512348175,0.04714271426200867,0.7741547226905823,0.5245475769042969,0.6307778358459473,,,,,,,,,,,,,,,,,,,,,,,,,,
10,409,,,,,,,,,,,,,,,,,,,,,,,,,,,0.7486187219619751,0.3333333432674408,0.4353197515010834,0.0,0.671846330165863,0.3706737160682678,0.8562400937080383,0.5,0.6065822243690491,0.0,0.8037177920341492,0.5408635139465332,0.5489927530288696,,,,,,,,,,,,,,,,,,,,,,,,,,
10,419,,,,,,,,,,,,,,,,,,,,,,,,,,,0.7025893926620483,0.2572675347328186,0.2930532693862915,0.0961085855960846,0.6289525628089905,0.4453515410423279,0.8253186345100403,0.4092486798763275,0.45327332615852356,0.17536325752735138,0.7722171545028687,0.6162536144256592,0.7094337940216064,,,,,,,,,,,,,,,,,,,,,,,,,,
,100,,,,,,,,,,,,,,,,,,,,,,,,,,,,,,,,,,,,,,,,,0.7300461530685425,,0.4370984733104706,,0.3616742491722107,,0.1003536656498909,,0.5602380633354187,,0.3181309998035431,,0.8439614772796631,,0.6083069443702698,,0.5312198996543884,,0.182402566075325,,0.7181442975997925,,0.4827001094818115,,0.6555002927780151
,101,,,,,,,,,,,,,,,,,,,,,,,,,,,,,,,,,,,,,,,,,0.6725237965583801,,0.1419888585805893,,0.12838813662528992,,0.05381449684500694,,0.6330723166465759,,0.19114510715007782,,0.8042023777961731,,0.24866943061351776,,0.22756023705005646,,0.10213277488946915,,0.7753145098686218,,0.3209434449672699,,0.6762512922286987
,102,,,,,,,,,,,,,,,,,,,,,,,,,,,,,,,,,,,,,,,,,0.7282203435897827,,0.24219563603401184,,0.31144529581069946,,0.24175450205802917,,0.7019252181053162,,0.27707207202911377,,0.8427401781082153,,0.38994765281677246,,0.47496497631073,,0.3893756866455078,,0.8248602151870728,,0.43391770124435425,,0.5841907262802124
,103,,,,,,,,,,,,,,,,,,,,,,,,,,,,,,,,,,,,,,,,,0.6493105888366699,,0.12383316457271576,,0.4647354781627655,,0.10830847918987274,,0.6380476951599121,,0.21733349561691284,,0.7873721122741699,,0.2203764170408249,,0.6345657706260681,,0.19544824957847595,,0.7790343165397644,,0.3570648431777954,,0.7206737995147705
,104,,,,,,,,,,,,,,,,,,,,,,,,,,,,,,,,,,,,,,,,,0.7770854830741882,,0.2116527110338211,,0.3000302016735077,,0.0,,0.7223950624465942,,0.28406137228012085,,0.8745617270469666,,0.34936198592185974,,0.4615741968154907,,0.0,,0.8388261795043945,,0.44244202971458435,,0.5251466631889343
,105,,,,,,,,,,,,,,,,,,,,,,,,,,,,,,,,,,,,,,,,,0.6800040602684021,,0.3623467683792114,,0.44055500626564026,,0.0,,0.7128629684448242,,0.20557956397533417,,0.8095266819000244,,0.531944990158081,,0.6116461753845215,,0.0,,0.8323642611503601,,0.34104686975479126,,0.648293673992157
,106,,,,,,,,,,,,,,,,,,,,,,,,,,,,,,,,,,,,,,,,,0.7167240381240845,,0.18918061256408691,,0.4194466471672058,,0.07518543303012848,,0.742662787437439,,0.20475909113883972,,0.834990382194519,,0.3181696832180023,,0.5910001993179321,,0.13985575735569,,0.8523310422897339,,0.3399170935153961,,0.5852646231651306
,107,,,,,,,,,,,,,,,,,,,,,,,,,,,,,,,,,,,,,,,,,0.7859297394752502,,0.26530539989471436,,0.16032998263835907,,0.04118390381336212,,0.7725698351860046,,0.30694273114204407,,0.8801351189613342,,0.4193539321422577,,0.2763524055480957,,0.07910976558923721,,0.8716946840286255,,0.4697110652923584,,0.5669564008712769
,108,,,,,,,,,,,,,,,,,,,,,,,,,,,,,,,,,,,,,,,,,0.7709904313087463,,0.42552995681762695,,0.46217843890190125,,0.19084279239177704,,0.7684332132339478,,0.23588725924491882,,0.8706884384155273,,0.597012996673584,,0.6321778893470764,,0.3205171823501587,,0.8690553903579712,,0.3817294239997864,,0.458690345287323
,109,,,,,,,,,,,,,,,,,,,,,,,,,,,,,,,,,,,,,,,,,0.7635080814361572,,0.3487341105937958,,0.31435832381248474,,0.03710902854800224,,0.7510135769844055,,0.1975279599428177,,0.8658968806266785,,0.517128050327301,,0.4783449172973633,,0.07156244665384293,,0.8578044176101685,,0.3298928439617157,,0.5441387891769409
10,428,,,,,,,,,,,,,,,,,,,,,,,,,,,,,,,,,,,,,,,,0.7256600856781006,,0.2711498439311981,,0.33739399909973145,,0.08720340579748154,,0.697829008102417,,0.24612180888652802,,0.8402031660079956,,0.415251761674881,,0.49260929226875305,,0.15180164575576782,,0.8201792240142822,,0.39288949966430664,,0.5965107083320618,
11,429,,,,,,,,,,,,,,,,,,,,,,,,,,,0.6868622899055481,0.4142245948314667,0.45438745617866516,0.0,0.6246922016143799,0.34616073966026306,0.8143667578697205,0.5857974886894226,0.6248506307601929,0.0,0.7689976096153259,0.5142933130264282,0.631538987159729,,,,,,,,,,,,,,,,,,,,,,,,,,
11,439,,,,,,,,,,,,,,,,,,,,,,,,,,,0.7840369939804077,0.16499535739421844,0.4167601764202118,0.10773357003927231,0.7420922517776489,0.44611841440200806,0.8789470195770264,0.2832549810409546,0.58832848072052,0.19451169669628143,0.8519551753997803,0.616987407207489,0.5426648855209351,,,,,,,,,,,,,,,,,,,,,,,,,,
11,449,,,,,,,,,,,,,,,,,,,,,,,,,,,0.7231674194335938,0.2943180203437805,0.3578171133995056,0.0,0.6992770433425903,0.4626404047012329,0.8393466472625732,0.45478472113609314,0.5270475745201111,0.0,0.8230289220809937,0.6326099038124084,0.5710747838020325,,,,,,,,,,,,,,,,,,,,,,,,,,
11,459,,,,,,,,,,,,,,,,,,,,,,,,,,,0.7150466442108154,0.358253538608551,0.3706282675266266,0.1708279401063919,0.6486642360687256,0.47349971532821655,0.8338509798049927,0.5275208353996277,0.5408151745796204,0.29180708527565,0.7868967056274414,0.642687201499939,0.640024721622467,,,,,,,,,,,,,,,,,,,,,,,,,,
,110,,,,,,,,,,,,,,,,,,,,,,,,,,,,,,,,,,,,,,,,,0.6538184881210327,,0.4250957667827606,,0.08834769576787949,,0.0001815211435314268,,0.46347546577453613,,0.4212457835674286,,0.7906774878501892,,0.5965855717658997,,0.16235198080539703,,0.00036297639599069953,,0.6333901286125183,,0.5927838683128357,,0.895841121673584
,111,,,,,,,,,,,,,,,,,,,,,,,,,,,,,,,,,,,,,,,,,0.5867176651954651,,0.19121497869491577,,0.08538547158241272,,0.029407259076833725,,0.5684951543807983,,0.3183491826057434,,0.7395363450050354,,0.32104191184043884,,0.15733668208122253,,0.05713435634970665,,0.7248924374580383,,0.48295125365257263,,0.830561637878418
,112,,,,,,,,,,,,,,,,,,,,,,,,,,,,,,,,,,,,,,,,,0.7175248265266418,,0.24843935668468475,,0.21376536786556244,,0.16874492168426514,,0.6566396951675415,,0.43023252487182617,,0.835533618927002,,0.3979998826980591,,0.3522350788116455,,0.2887625992298126,,0.7927368879318237,,0.6016259789466858,,0.6558736562728882
,113,,,,,,,,,,,,,,,,,,,,,,,,,,,,,,,,,,,,,,,,,0.645841658115387,,0.22087422013282776,,0.25878483057022095,,0.08273719251155853,,0.6195012927055359,,0.34559276700019836,,0.7848162651062012,,0.36182960867881775,,0.41116610169410706,,0.15282969176769257,,0.7650519609451294,,0.5136662125587463,,0.7839838266372681
,114,,,,,,,,,,,,,,,,,,,,,,,,,,,,,,,,,,,,,,,,,0.7373478412628174,,0.12876081466674805,,0.11897441744804382,,0.0,,0.7103295922279358,,0.47843360900878906,,0.8488200306892395,,0.22814545035362244,,0.21264903247356415,,0.0,,0.8306347131729126,,0.6472169160842896,,0.6279262900352478
,115,,,,,,,,,,,,,,,,,,,,,,,,,,,,,,,,,,,,,,,,,0.6619388461112976,,0.43596166372299194,,0.3184506595134735,,0.0,,0.6442320942878723,,0.38369789719581604,,0.796586275100708,,0.6072051525115967,,0.48306798934936523,,0.0,,0.7836267352104187,,0.554597795009613,,0.6880905628204346
,116,,,,,,,,,,,,,,,,,,,,,,,,,,,,,,,,,,,,,,,,,0.6225014925003052,,0.2214050590991974,,0.2796270549297333,,0.036009110510349274,,0.6273190379142761,,0.26711219549179077,,0.7673354744911194,,0.3625415861606598,,0.437044620513916,,0.06951504200696945,,0.7709847092628479,,0.4216078221797943,,0.7357354760169983
,117,,,,,,,,,,,,,,,,,,,,,,,,,,,,,,,,,,,,,,,,,0.7522646188735962,,0.22435617446899414,,0.16046181321144104,,0.043551985174417496,,0.7102827429771423,,0.40970271825790405,,0.8586198687553406,,0.36648839712142944,,0.27654820680618286,,0.08346874266862869,,0.8306027054786682,,0.581261157989502,,0.5952875018119812
,118,,,,,,,,,,,,,,,,,,,,,,,,,,,,,,,,,,,,,,,,,0.6888320446014404,,0.4585453271865845,,0.32378238439559937,,0.03776301071047783,,0.6156554818153381,,0.2184390127658844,,0.8157496452331543,,0.6287707686424255,,0.4891776442527771,,0.07277771830558777,,0.7621123194694519,,0.35855552554130554,,0.6624048948287964
,119,,,,,,,,,,,,,,,,,,,,,,,,,,,,,,,,,,,,,,,,,0.5775379538536072,,0.42233654856681824,,0.20284534990787506,,0.014350143261253834,,0.5683102011680603,,0.2993950843811035,,0.7322016358375549,,0.5938630700111389,,0.3372758626937866,,0.028294259682297707,,0.72474205493927,,0.4608222544193268,,0.7160739898681641
11,467,,,,,,,,,,,,,,,,,,,,,,,,,,,,,,,,,,,,,,,,0.6687059998512268,,0.29156923294067383,,0.2051505595445633,,0.0425986610352993,,0.6208887100219727,,0.36006394028663635,,0.8001738786697388,,0.4391971826553345,,0.3316201865673065,,0.07762701064348221,,0.7637037634849548,,0.5244934558868408,,0.7191778421401978,
12,469,,,,,,,,,,,,,,,,,,,,,,,,,,,0.6639743447303772,0.403112530708313,0.2869306802749634,0.04575466364622116,0.6063349843025208,0.3372156322002411,0.7980583906173706,0.5745975971221924,0.44591474533081055,0.08750554174184799,0.7549297213554382,0.5043548941612244,0.6107646822929382,,,,,,,,,,,,,,,,,,,,,,,,,,
12,479,,,,,,,,,,,,,,,,,,,,,,,,,,,0.7183747887611389,0.355523020029068,0.39917224645614624,0.05067064240574837,0.7234113812446594,0.37479472160339355,0.8361095786094666,0.5245547294616699,0.5705834031105042,0.09645389765501022,0.839510977268219,0.5452373623847961,0.6048684120178223,,,,,,,,,,,,,,,,,,,,,,,,,,
12,489,,,,,,,,,,,,,,,,,,,,,,,,,,,0.7937025427818298,0.31674817204475403,0.00286230375058949,0.06108330935239792,0.6787323951721191,0.45477592945098877,0.8849878907203674,0.481106698513031,0.005708268843591213,0.1151338592171669,0.8086248636245728,0.625217854976654,0.5019469857215881,,,,,,,,,,,,,,,,,,,,,,,,,,
12,499,,,,,,,,,,,,,,,,,,,,,,,,,,,0.7269966006278992,0.4194808006286621,0.4102170765399933,0.0,0.6075336933135986,0.4690493643283844,0.8419201374053955,0.5910341143608093,0.5817786455154419,0.0,0.7558581233024597,0.6385753750801086,0.6306874752044678,,,,,,,,,,,,,,,,,,,,,,,,,,
,120,,,,,,,,,,,,,,,,,,,,,,,,,,,,,,,,,,,,,,,,,0.7467877268791199,,0.4268963634967804,,0.30521902441978455,,0.0,,0.6067101955413818,,0.5690808296203613,,0.8550412058830261,,0.5983564853668213,,0.4676901400089264,,0.0,,0.7552204132080078,,0.7253684401512146,,0.6562895178794861
,121,,,,,,,,,,,,,,,,,,,,,,,,,,,,,,,,,,,,,,,,,0.7204307317733765,,0.14682447910308838,,0.2083153873682022,,0.0,,0.6290484070777893,,0.35551223158836365,,0.8375003933906555,,0.25605398416519165,,0.34480300545692444,,0.0,,0.7722893953323364,,0.5245429873466492,,0.6331009864807129
,122,,,,,,,,,,,,,,,,,,,,,,,,,,,,,,,,,,,,,,,,,0.7199550271034241,,0.2725544571876526,,0.3025599420070648,,0.0028280543629080057,,0.6108866930007935,,0.415130615234375,,0.8371788859367371,,0.4283580183982849,,0.46456199884414673,,0.005640157964080572,,0.7584477066993713,,0.5867028832435608,,0.6923790574073792
,123,,,,,,,,,,,,,,,,,,,,,,,,,,,,,,,,,,,,,,,,,0.6070048213005066,,0.34538033604621887,,0.48078417778015137,,0.005856383591890335,,0.5495590567588806,,0.40450039505958557,,0.7554486989974976,,0.5134315490722656,,0.6493642926216125,,0.011644572019577026,,0.7093102335929871,,0.5760061144828796,,0.8571721911430359
,124,,,,,,,,,,,,,,,,,,,,,,,,,,,,,,,,,,,,,,,,,0.682698667049408,,0.2216406613588333,,0.32890060544013977,,0.0,,0.628049910068512,,0.4872758388519287,,0.8114330768585205,,0.3628573715686798,,0.4949965476989746,,0.0,,0.7715364098548889,,0.6552595496177673,,0.6740632057189941
,125,,,,,,,,,,,,,,,,,,,,,,,,,,,,,,,,,,,,,,,,,0.6320931315422058,,0.3450365960597992,,0.25209981203079224,,0.0,,0.6139465570449829,,0.3794040381908417,,0.7745797038078308,,0.5130516290664673,,0.4026832580566406,,0.0,,0.7608016133308411,,0.5500984787940979,,0.7511315941810608
,126,,,,,,,,,,,,,,,,,,,,,,,,,,,,,,,,,,,,,,,,,0.6684065461158752,,0.3827402591705322,,0.41755393147468567,,0.0,,0.5996603965759277,,0.3827971816062927,,0.8012514114379883,,0.5535967350006104,,0.5891189575195312,,0.0,,0.74973464012146,,0.553656280040741,,0.7445758581161499
,127,,,,,,,,,,,,,,,,,,,,,,,,,,,,,,,,,,,,,,,,,0.7203119397163391,,0.2761034667491913,,0.23469145596027374,,0.029245149344205856,,0.6014574766159058,,0.3865751028060913,,0.8374201655387878,,0.43272897601127625,,0.3801621198654175,,0.056828346103429794,,0.7511376142501831,,0.5575970411300659,,0.8072738647460938
,128,,,,,,,,,,,,,,,,,,,,,,,,,,,,,,,,,,,,,,,,,0.7752093076705933,,0.5107452869415283,,0.4477604627609253,,0.03550652042031288,,0.7012609243392944,,0.3880126476287842,,0.8733723163604736,,0.6761500835418701,,0.618556022644043,,0.0685780718922615,,0.8244013786315918,,0.5590909123420715,,0.4806998670101166
,129,,,,,,,,,,,,,,,,,,,,,,,,,,,,,,,,,,,,,,,,,0.7238261103630066,,0.29812291264533997,,0.19676418602466583,,0.016893131658434868,,0.6018540859222412,,0.2651497423648834,,0.8397901654243469,,0.45931383967399597,,0.32882699370384216,,0.03322499245405197,,0.7514468431472778,,0.4191594421863556,,0.6879145503044128
12,506,,,,,,,,,,,,,,,,,,,,,,,,,,,,,,,,,,,,,,,,0.6984845399856567,,0.3238085210323334,,0.32340100407600403,,0.008646356873214245,,0.6148527264595032,,0.4101402759552002,,0.8214414715766907,,0.4803772568702698,,0.48121973872184753,,0.016822760924696922,,0.7608746290206909,,0.5782034397125244,,0.6984601020812988,
13,509,,,,,,,,,,,,,,,,,,,,,,,,,,,0.7502187490463257,0.22182141244411469,0.3235950171947479,0.0015277171041816473,0.6266528367996216,0.5031911730766296,0.8572856783866882,0.3630995750427246,0.488963782787323,0.003050773637369275,0.7704813480377197,0.6694972515106201,0.6216252446174622,,,,,,,,,,,,,,,,,,,,,,,,,,
13,519,,,,,,,,,,,,,,,,,,,,,,,,,,,0.7060203552246094,0.2397521734237671,0.4146532714366913,0.03609037771821022,0.5942543148994446,0.32420244812965393,0.8276810646057129,0.38677436113357544,0.5862259864807129,0.06966646760702133,0.7454950213432312,0.489656925201416,0.585965096950531,,,,,,,,,,,,,,,,,,,,,,,,,,
13,529,,,,,,,,,,,,,,,,,,,,,,,,,,,0.734179675579071,0.35343387722969055,0.5431429743766785,0.12005314975976944,0.6446567177772522,0.5293169617652893,0.8467169404029846,0.5222772359848022,0.7039438486099243,0.214370459318161,0.7839407920837402,0.6922266483306885,0.5533640384674072,,,,,,,,,,,,,,,,,,,,,,,,,,
13,539,,,,,,,,,,,,,,,,,,,,,,,,,,,0.681873083114624,0.4128175377845764,0.24719955027103424,0.005870841443538666,0.6754733920097351,0.44989150762557983,0.810849666595459,0.5843890309333801,0.3964073657989502,0.011673151515424252,0.8063075542449951,0.6205864548683167,0.6233370900154114,,,,,,,,,,,,,,,,,,,,,,,,,,
,130,,,,,,,,,,,,,,,,,,,,,,,,,,,,,,,,,,,,,,,,,0.725213348865509,,0.2205035388469696,,0.1121320128440857,,0.0771939679980278,,0.5848115086555481,,0.5488959550857544,,0.8407230973243713,,0.3613320589065552,,0.20165233314037323,,0.14332416653633118,,0.7380203008651733,,0.7087576985359192,,0.7775094509124756
,131,,,,,,,,,,,,,,,,,,,,,,,,,,,,,,,,,,,,,,,,,0.7375550866127014,,0.09729305654764175,,0.10558778792619705,,0.013290696777403355,,0.6589844226837158,,0.3319893777370453,,0.848957359790802,,0.17733286321163177,,0.19100752472877502,,0.02623274177312851,,0.7944431304931641,,0.4984865188598633,,0.6673056483268738
,132,,,,,,,,,,,,,,,,,,,,,,,,,,,,,,,,,,,,,,,,,0.7244255542755127,,0.20990273356437683,,0.08801614493131638,,0.04487913101911545,,0.6443802118301392,,0.32747286558151245,,0.8401934504508972,,0.34697458148002625,,0.16179198026657104,,0.08590301126241684,,0.7837362885475159,,0.4933778643608093,,0.7176809906959534
,133,,,,,,,,,,,,,,,,,,,,,,,,,,,,,,,,,,,,,,,,,0.630315363407135,,0.15798898041248322,,0.3125736713409424,,0.027058927342295647,,0.6351121664047241,,0.4320981502532959,,0.7732434868812561,,0.2728678584098816,,0.4762760102748871,,0.05269206315279007,,0.7768423557281494,,0.603447675704956,,0.7606028318405151
,134,,,,,,,,,,,,,,,,,,,,,,,,,,,,,,,,,,,,,,,,,0.6934500932693481,,0.14266949892044067,,0.12183745205402374,,0.0,,0.6883182525634766,,0.3905767500400543,,0.8189790844917297,,0.24971261620521545,,0.2172105312347412,,0.0,,0.8153892159461975,,0.5617478489875793,,0.6864538192749023
,135,,,,,,,,,,,,,,,,,,,,,,,,,,,,,,,,,,,,,,,,,0.6407889127731323,,0.17513588070869446,,0.2584429979324341,,0.0,,0.6485404372215271,,0.3129921853542328,,0.7810741662979126,,0.29806914925575256,,0.41073453426361084,,0.0,,0.7868056297302246,,0.47676166892051697,,0.7133638858795166
,136,,,,,,,,,,,,,,,,,,,,,,,,,,,,,,,,,,,,,,,,,0.7014424800872803,,0.287986695766449,,0.19412341713905334,,0.0,,0.7333421111106873,,0.36569687724113464,,0.8245267868041992,,0.44718894362449646,,0.32513126730918884,,0.0,,0.8461596965789795,,0.5355461835861206,,0.646487832069397
,137,,,,,,,,,,,,,,,,,,,,,,,,,,,,,,,,,,,,,,,,,0.7449190616607666,,0.21846412122249603,,0.13630466163158417,,0.11860876530408859,,0.6885838508605957,,0.3306272327899933,,0.8538150191307068,,0.3585893511772156,,0.23990866541862488,,0.21206478774547577,,0.8155755400657654,,0.4969494342803955,,0.6191084384918213
,138,,,,,,,,,,,,,,,,,,,,,,,,,,,,,,,,,,,,,,,,,0.7748122811317444,,0.24621684849262238,,0.18702936172485352,,0.034932561218738556,,0.7470096349716187,,0.2886793911457062,,0.8731202483177185,,0.3951428532600403,,0.31512171030044556,,0.06750693172216415,,0.8551866412162781,,0.44802358746528625,,0.5277981758117676
,139,,,,,,,,,,,,,,,,,,,,,,,,,,,,,,,,,,,,,,,,,0.749586284160614,,0.1645801067352295,,0.05715728923678398,,0.1515291929244995,,0.6985484957695007,,0.2329285740852356,,0.8568726181983948,,0.28264284133911133,,0.10813393443822861,,0.26317906379699707,,0.8225240707397461,,0.37784603238105774,,0.5984117388725281
13,545,,,,,,,,,,,,,,,,,,,,,,,,,,,,,,,,,,,,,,,,0.7104145884513855,,0.19342631101608276,,0.16224652528762817,,0.04159621521830559,,0.6714949607849121,,0.36225804686546326,,0.8298855423927307,,0.320772647857666,,0.27239668369293213,,0.07633180171251297,,0.8025311827659607,,0.5270902514457703,,0.6714723110198975,
14,549,,,,,,,,,,,,,,,,,,,,,,,,,,,0.7006756663322449,0.49493736028671265,0.35896036028862,0.06767692416906357,0.6464901566505432,0.565608024597168,0.8239967823028564,0.6621512770652771,0.5282866954803467,0.1267741620540619,0.7852948904037476,0.7225410342216492,0.5407633185386658,,,,,,,,,,,,,,,,,,,,,,,,,,
14,559,,,,,,,,,,,,,,,,,,,,,,,,,,,0.7560415863990784,0.3489058315753937,0.4648358225822449,0.018728595227003098,0.652542233467102,0.4424434006214142,0.8610748052597046,0.5173168182373047,0.6346592903137207,0.03676856681704521,0.7897434830665588,0.613463819026947,0.5969764590263367,,,,,,,,,,,,,,,,,,,,,,,,,,
14,569,,,,,,,,,,,,,,,,,,,,,,,,,,,0.76303631067276,0.334514856338501,0.17729011178016663,0.0,0.7321199774742126,0.42359381914138794,0.8655933737754822,0.5013279914855957,0.3011833727359772,0.0,0.8453455567359924,0.5951048731803894,0.5284753441810608,,,,,,,,,,,,,,,,,,,,,,,,,,
14,579,,,,,,,,,,,,,,,,,,,,,,,,,,,0.7245308756828308,0.5495628714561462,0.5343920588493347,0.026243599131703377,0.6314800381660461,0.3769299387931824,0.8402643203735352,0.7093133926391602,0.6965521574020386,0.05114496871829033,0.7741192579269409,0.5474932789802551,0.6089046001434326,,,,,,,,,,,,,,,,,,,,,,,,,,
,140,,,,,,,,,,,,,,,,,,,,,,,,,,,,,,,,,,,,,,,,,0.7135836482048035,,0.2701714336872101,,0.42566177248954773,,0.07023655623197556,,0.5695546865463257,,0.5141716599464417,,0.8328553438186646,,0.4254094064235687,,0.5971426963806152,,0.13125427067279816,,0.7257532477378845,,0.6791458129882812,,0.7118141651153564
,141,,,,,,,,,,,,,,,,,,,,,,,,,,,,,,,,,,,,,,,,,0.6375932097434998,,0.09985430538654327,,0.1346251219511032,,0.023798001930117607,,0.642792284488678,,0.3711099624633789,,0.7786954641342163,,0.18157733976840973,,0.2373032569885254,,0.046489641070365906,,0.7825605869293213,,0.5413277745246887,,0.7874259948730469
,142,,,,,,,,,,,,,,,,,,,,,,,,,,,,,,,,,,,,,,,,,0.7454926371574402,,0.23636336624622345,,0.3056674599647522,,0.07496542483568192,,0.7071382999420166,,0.30458030104637146,,0.8541916608810425,,0.3823525905609131,,0.4682164192199707,,0.1394750326871872,,0.8284487724304199,,0.46693989634513855,,0.6882933974266052
,143,,,,,,,,,,,,,,,,,,,,,,,,,,,,,,,,,,,,,,,,,0.6532078385353088,,0.2764069437980652,,0.472463458776474,,0.0444452129304409,,0.6660632491111755,,0.35480591654777527,,0.7902307510375977,,0.4331015944480896,,0.6417319774627686,,0.08510778844356537,,0.7995653748512268,,0.5237737894058228,,1.60672926902771
,144,,,,,,,,,,,,,,,,,,,,,,,,,,,,,,,,,,,,,,,,,0.7285576462745667,,0.17082573473453522,,0.3584457337856293,,0.0,,0.710441529750824,,0.40265071392059326,,0.8429659605026245,,0.29180386662483215,,0.5277291536331177,,0.0,,0.8307112455368042,,0.574128270149231,,0.5989044904708862
,145,,,,,,,,,,,,,,,,,,,,,,,,,,,,,,,,,,,,,,,,,0.6507602334022522,,0.212140291929245,,0.33101072907447815,,0.0,,0.6804370880126953,,0.3156701326370239,,0.788437008857727,,0.3500259518623352,,0.4973824918270111,,0.0,,0.8098334670066833,,0.47986212372779846,,0.7070534229278564
,146,,,,,,,,,,,,,,,,,,,,,,,,,,,,,,,,,,,,,,,,,0.6973143219947815,,0.2982243001461029,,0.36676955223083496,,0.015894116833806038,,0.7322661876678467,,0.3440206050872803,,0.8216678500175476,,0.4594341516494751,,0.5366955399513245,,0.031290892511606216,,0.8454430103302002,,0.511927604675293,,0.6548153162002563
,147,,,,,,,,,,,,,,,,,,,,,,,,,,,,,,,,,,,,,,,,,0.8034817576408386,,0.2026699334383011,,0.1932784914970398,,0.14500673115253448,,0.7225567102432251,,0.3046143352985382,,0.891033947467804,,0.33703336119651794,,0.3239453136920929,,0.25328537821769714,,0.8389351963996887,,0.4669799208641052,,0.6053663492202759
,148,,,,,,,,,,,,,,,,,,,,,,,,,,,,,,,,,,,,,,,,,0.7813833355903625,,0.42045995593070984,,0.4341839849948883,,0.06436918675899506,,0.7628461122512817,,0.25750473141670227,,0.8772770166397095,,0.5920053720474243,,0.6054787635803223,,0.12095274776220322,,0.8654710054397583,,0.40954872965812683,,0.8707340955734253
,149,,,,,,,,,,,,,,,,,,,,,,,,,,,,,,,,,,,,,,,,,0.7021728754043579,,0.18480952084064484,,0.13595256209373474,,0.07213716208934784,,0.7229809761047363,,0.17896400392055511,,0.8250312209129333,,0.3119649291038513,,0.23936308920383453,,0.1345670372247696,,0.8392211198806763,,0.3035953640937805,,0.6764075756072998
14,584,,,,,,,,,,,,,,,,,,,,,,,,,,,,,,,,,,,,,,,,0.7118062973022461,,0.23976880311965942,,0.32465115189552307,,0.05004989728331566,,0.6901696920394897,,0.34247374534606934,,0.8304947018623352,,0.3796432614326477,,0.478718638420105,,0.09225909411907196,,0.8154814839363098,,0.5051718354225159,,0.7907544374465942,
15,589,,,,,,,,,,,,,,,,,,,,,,,,,,,0.6844867467880249,0.2977563142776489,0.5301080346107483,0.08135959506034851,0.60281902551651,0.4220844507217407,0.8126947283744812,0.45887860655784607,0.6929027438163757,0.15047648549079895,0.7521984577178955,0.5936137437820435,0.5966269373893738,,,,,,,,,,,,,,,,,,,,,,,,,,
15,599,,,,,,,,,,,,,,,,,,,,,,,,,,,0.7227320075035095,0.40768638253211975,0.4595531225204468,0.0,0.6636027693748474,0.4847879707813263,0.8390533328056335,0.5792289972305298,0.6297175884246826,0.0,0.7977899312973022,0.6530063152313232,0.549985945224762,,,,,,,,,,,,,,,,,,,,,,,,,,
15,609,,,,,,,,,,,,,,,,,,,,,,,,,,,0.6455637216567993,0.40116024017333984,0.35317638516426086,0.0,0.6230697631835938,0.4084470868110657,0.7846110463142395,0.5726115107536316,0.5219960808753967,0.0,0.767767071723938,0.5799963474273682,0.682263970375061,,,,,,,,,,,,,,,,,,,,,,,,,,
15,619,,,,,,,,,,,,,,,,,,,,,,,,,,,0.7707452178001404,0.31547996401786804,0.3536494970321655,0.000161590040079318,0.7402676343917847,0.4304066300392151,0.8705320358276367,0.4796423614025116,0.5225126147270203,0.0003231278678867966,0.8507514595985413,0.6017962098121643,0.5027036666870117,,,,,,,,,,,,,,,,,,,,,,,,,,
,150,,,,,,,,,,,,,,,,,,,,,,,,,,,,,,,,,,,,,,,,,0.682147204875946,,0.32556161284446716,,0.36692631244659424,,0.0256323404610157,,0.6620571613311768,,0.5911672711372375,,0.8110434412956238,,0.4912055730819702,,0.5368633270263672,,0.04998348653316498,,0.7966719269752502,,0.7430611252784729,,0.6672936677932739
,151,,,,,,,,,,,,,,,,,,,,,,,,,,,,,,,,,,,,,,,,,0.6627897024154663,,0.14837761223316193,,0.18371549248695374,,0.018206339329481125,,0.650780439376831,,0.4117763936519623,,0.7972020506858826,,0.25841256976127625,,0.31040480732917786,,0.03576159104704857,,0.7884518504142761,,0.5833450555801392,,0.7424150109291077
,152,,,,,,,,,,,,,,,,,,,,,,,,,,,,,,,,,,,,,,,,,0.6886693239212036,,0.16212061047554016,,0.25893041491508484,,0.013196196407079697,,0.6910535097122192,,0.448947936296463,,0.8156355023384094,,0.27900823950767517,,0.4113498628139496,,0.026048649102449417,,0.817305326461792,,0.6196881532669067,,0.6589279174804688
,153,,,,,,,,,,,,,,,,,,,,,,,,,,,,,,,,,,,,,,,,,0.6212809681892395,,0.2463657557964325,,0.45880767703056335,,0.027101697400212288,,0.6295706033706665,,0.49859046936035156,,0.7664075493812561,,0.3953346014022827,,0.6290173530578613,,0.05277315154671669,,0.772682785987854,,0.6654125452041626,,0.6741844415664673
,154,,,,,,,,,,,,,,,,,,,,,,,,,,,,,,,,,,,,,,,,,0.736501157283783,,0.09998296946287155,,0.38586410880088806,,0.0,,0.7280929684638977,,0.5224708914756775,,0.8482587337493896,,0.1817900389432907,,0.5568570494651794,,0.0,,0.8426548838615417,,0.6863459944725037,,0.5541448593139648
,155,,,,,,,,,,,,,,,,,,,,,,,,,,,,,,,,,,,,,,,,,0.6844043135643005,,0.2599312961101532,,0.3801957070827484,,0.0,,0.6572831869125366,,0.5147876739501953,,0.8126366138458252,,0.41261187195777893,,0.5509301424026489,,0.0,,0.7932056784629822,,0.6796829700469971,,0.6682976484298706
,156,,,,,,,,,,,,,,,,,,,,,,,,,,,,,,,,,,,,,,,,,0.6883295774459839,,0.36147889494895935,,0.44054290652275085,,0.0,,0.6998261213302612,,0.39755821228027344,,0.8153972029685974,,0.5310091376304626,,0.6116345524787903,,0.0,,0.8234090805053711,,0.5689325928688049,,0.6378394365310669
,157,,,,,,,,,,,,,,,,,,,,,,,,,,,,,,,,,,,,,,,,,0.6939807534217834,,0.17805732786655426,,0.13894568383693695,,0.09827104210853577,,0.6796149611473083,,0.4296294152736664,,0.8193490505218506,,0.302289754152298,,0.2439900040626526,,0.17895589768886566,,0.8092509508132935,,0.6010360717773438,,0.774674654006958
,158,,,,,,,,,,,,,,,,,,,,,,,,,,,,,,,,,,,,,,,,,0.7660369873046875,,0.4849546253681183,,0.4848956763744354,,0.06401080638170242,,0.7722325921058655,,0.384853333234787,,0.8675208687782288,,0.6531575322151184,,0.6531040072441101,,0.12031983584165573,,0.8714799284934998,,0.5558037161827087,,0.49070873856544495
,159,,,,,,,,,,,,,,,,,,,,,,,,,,,,,,,,,,,,,,,,,0.7792844176292419,,0.30955350399017334,,0.27892595529556274,,0.0012498263968154788,,0.7124183773994446,,0.35973283648490906,,0.8759526014328003,,0.4727618992328644,,0.4361878037452698,,0.002496532630175352,,0.8320611119270325,,0.5291228294372559,,0.5667923092842102
15,623,,,,,,,,,,,,,,,,,,,,,,,,,,,,,,,,,,,,,,,,0.6964600086212158,,0.2550852596759796,,0.3406692147254944,,0.02592339739203453,,0.6871064901351929,,0.4606834948062897,,0.8203331828117371,,0.3940694034099579,,0.4968787431716919,,0.04880460724234581,,0.8138643503189087,,0.6278719902038574,,0.6435279250144958,
16,629,,,,,,,,,,,,,,,,,,,,,,,,,,,0.7334001064300537,0.31061333417892456,0.5096509456634521,0.5450727343559265,0.6812797784805298,0.48505377769470215,0.8461982607841492,0.4739969074726105,0.6751903891563416,0.7055625319480896,0.8104299902915955,0.6532474160194397,0.5309614539146423,,,,,,,,,,,,,,,,,,,,,,,,,,
16,639,,,,,,,,,,,,,,,,,,,,,,,,,,,0.7617505788803101,0.4839380085468292,0.571431040763855,0.0,0.747111976146698,0.4391826391220093,0.8647655248641968,0.6522347927093506,0.7272747159004211,0.0,0.8552536964416504,0.6103222966194153,0.462564080953598,,,,,,,,,,,,,,,,,,,,,,,,,,
16,649,,,,,,,,,,,,,,,,,,,,,,,,,,,0.7901102900505066,0.35962536931037903,0.5920556783676147,0.1281554251909256,0.5475696325302124,0.46320202946662903,0.882750391960144,0.5290065407752991,0.7437625527381897,0.2271946221590042,0.7076510190963745,0.6331347227096558,0.5468633770942688,,,,,,,,,,,,,,,,,,,,,,,,,,
16,659,,,,,,,,,,,,,,,,,,,,,,,,,,,0.759183943271637,0.3709551990032196,0.29477131366729736,0.03078002855181694,0.5900941491127014,0.42141419649124146,0.8631092309951782,0.5411630868911743,0.4553256928920746,0.05972181633114815,0.7422128319740295,0.5929505825042725,0.5947772264480591,,,,,,,,,,,,,,,,,,,,,,,,,,
,160,,,,,,,,,,,,,,,,,,,,,,,,,,,,,,,,,,,,,,,,,0.7353471517562866,,0.2699612081050873,,0.4024103283882141,,0.16046375036239624,,0.4944688379764557,,0.4147152304649353,,0.8474928736686707,,0.42514872550964355,,0.5738838911056519,,0.27655109763145447,,0.6617318987846375,,0.5862879157066345,,0.7193124294281006
,161,,,,,,,,,,,,,,,,,,,,,,,,,,,,,,,,,,,,,,,,,0.6718925833702087,,0.08193150907754898,,0.1819833517074585,,0.08095070719718933,,0.6440976858139038,,0.2701527774333954,,0.8037508726119995,,0.1514541506767273,,0.30792880058288574,,0.1497768759727478,,0.7835272550582886,,0.4253862798213959,,0.8739023208618164
,162,,,,,,,,,,,,,,,,,,,,,,,,,,,,,,,,,,,,,,,,,0.7363103628158569,,0.12863068282604218,,0.1384088695049286,,0.28733617067337036,,0.5546167492866516,,0.3326061964035034,,0.8481321930885315,,0.2279411256313324,,0.24316196143627167,,0.44640424847602844,,0.7135093212127686,,0.49918150901794434,,0.8389606475830078
,163,,,,,,,,,,,,,,,,,,,,,,,,,,,,,,,,,,,,,,,,,0.6488788723945618,,0.1357705295085907,,0.3795121908187866,,0.1861162930727005,,0.5534993410110474,,0.35090067982673645,,0.7870545983314514,,0.23908090591430664,,0.5502121448516846,,0.31382471323013306,,0.7125839591026306,,0.5195062756538391,,0.8587157130241394
,164,,,,,,,,,,,,,,,,,,,,,,,,,,,,,,,,,,,,,,,,,0.7802022695541382,,0.20741088688373566,,0.22533194720745087,,0.0,,0.6495405435562134,,0.28028538823127747,,0.8765321373939514,,0.343563050031662,,0.36778923869132996,,0.0,,0.7875411510467529,,0.437848299741745,,0.7637325525283813
,165,,,,,,,,,,,,,,,,,,,,,,,,,,,,,,,,,,,,,,,,,0.6549203991889954,,0.1696077585220337,,0.2697845697402954,,0.0,,0.5563257336616516,,0.39015811681747437,,0.7914826273918152,,0.2900250256061554,,0.424929678440094,,0.0,,0.7149219512939453,,0.5613147020339966,,0.8871227502822876
,166,,,,,,,,,,,,,,,,,,,,,,,,,,,,,,,,,,,,,,,,,0.7214401364326477,,0.2216821312904358,,0.3318166732788086,,0.006863855291157961,,0.6344813704490662,,0.27478891611099243,,0.8381820917129517,,0.36291295289993286,,0.4982917904853821,,0.01363412756472826,,0.7763702869415283,,0.4311128258705139,,0.760450005531311
,167,,,,,,,,,,,,,,,,,,,,,,,,,,,,,,,,,,,,,,,,,0.8102564215660095,,0.25249454379081726,,0.1296735256910324,,0.15152350068092346,,0.574783205986023,,0.39734479784965515,,0.8951841592788696,,0.4031866788864136,,0.2295769900083542,,0.2631704807281494,,0.729983925819397,,0.5687140226364136,,0.7437440156936646
,168,,,,,,,,,,,,,,,,,,,,,,,,,,,,,,,,,,,,,,,,,0.7983798384666443,,0.22179724276065826,,0.2695636749267578,,0.13022370636463165,,0.62287437915802,,0.2054932713508606,,0.8878878951072693,,0.3630671799182892,,0.42465561628341675,,0.23043881356716156,,0.767618715763092,,0.3409281075000763,,0.6836675405502319
,169,,,,,,,,,,,,,,,,,,,,,,,,,,,,,,,,,,,,,,,,,0.7175615429878235,,0.18208764493465424,,0.10104259103536606,,0.20532318949699402,,0.587248682975769,,0.28330740332603455,,0.8355584740638733,,0.3080780804157257,,0.18353983759880066,,0.34069401025772095,,0.7399579882621765,,0.4415269196033478,,0.8037957549095154
16,662,,,,,,,,,,,,,,,,,,,,,,,,,,,,,,,,,,,,,,,,0.7280086874961853,,0.18738575279712677,,0.2499319612979889,,0.11672718822956085,,0.5871909260749817,,0.3217785954475403,,0.8413995504379272,,0.3116114139556885,,0.39007848501205444,,0.19669969379901886,,0.7387164235115051,,0.4831308424472809,,0.7933403253555298,
17,669,,,,,,,,,,,,,,,,,,,,,,,,,,,0.7870491743087769,0.3616679012775421,0.21617811918258667,0.44540050625801086,0.7001686096191406,0.4799295961856842,0.8808366060256958,0.5312130451202393,0.35550403594970703,0.6163004636764526,0.8236461281776428,0.6485843658447266,0.5122689008712769,,,,,,,,,,,,,,,,,,,,,,,,,,
17,679,,,,,,,,,,,,,,,,,,,,,,,,,,,0.7482743263244629,0.48378270864486694,0.4763862192630768,0.17572320997714996,0.704187273979187,0.477632075548172,0.8560147881507874,0.6520937085151672,0.6453409194946289,0.29891934990882874,0.8264200687408447,0.6464831233024597,0.5555672645568848,,,,,,,,,,,,,,,,,,,,,,,,,,
17,689,,,,,,,,,,,,,,,,,,,,,,,,,,,0.7098976373672485,0.27262619137763977,0.49880319833755493,0.0,0.5983996987342834,0.531738817691803,0.8303393721580505,0.42844659090042114,0.6656020283699036,0.0,0.7487485408782959,0.6942943334579468,0.611389696598053,,,,,,,,,,,,,,,,,,,,,,,,,,
17,699,,,,,,,,,,,,,,,,,,,,,,,,,,,0.753642737865448,0.5207434296607971,0.4983160197734833,0.09175004810094833,0.7637325525283813,0.5052802562713623,0.8595168590545654,0.684853732585907,0.6651681065559387,0.16807885468006134,0.8660411834716797,0.6713437438011169,0.45476874709129333,,,,,,,,,,,,,,,,,,,,,,,,,,
,170,,,,,,,,,,,,,,,,,,,,,,,,,,,,,,,,,,,,,,,,,0.72353196144104,,0.35541537404060364,,0.28778406977653503,,0.10602661967277527,,0.34150445461273193,,0.24558232724666595,,0.8395921587944031,,0.5244376063346863,,0.44694459438323975,,0.1917252540588379,,0.5091365575790405,,0.394325315952301,,0.9650769233703613
,171,,,,,,,,,,,,,,,,,,,,,,,,,,,,,,,,,,,,,,,,,0.6268249154090881,,0.07744181901216507,,0.08335252106189728,,0.021987484768033028,,0.3339066803455353,,0.15198124945163727,,0.7706114053726196,,0.14375127851963043,,0.153878852725029,,0.04302887246012688,,0.5006447434425354,,0.26386064291000366,,1.3479368686676025
,172,,,,,,,,,,,,,,,,,,,,,,,,,,,,,,,,,,,,,,,,,0.7538633942604065,,0.17460514605045319,,0.19339556992053986,,0.40334340929985046,,0.34218505024909973,,0.21413740515708923,,0.8596603274345398,,0.29730015993118286,,0.3241097629070282,,0.5748320817947388,,0.5098925232887268,,0.35273998975753784,,1.041473150253296
,173,,,,,,,,,,,,,,,,,,,,,,,,,,,,,,,,,,,,,,,,,0.6862221360206604,,0.23358343541622162,,0.4223245680332184,,0.12313156574964523,,0.37249764800071716,,0.15976513922214508,,0.8139166831970215,,0.3787071704864502,,0.5938512086868286,,0.21926473081111908,,0.5428025722503662,,0.2755129337310791,,1.190853476524353
,174,,,,,,,,,,,,,,,,,,,,,,,,,,,,,,,,,,,,,,,,,0.7815884351730347,,0.2348119020462036,,0.21614155173301697,,0.0,,0.41779306530952454,,0.1396973431110382,,0.8774062395095825,,0.38032010197639465,,0.35545459389686584,,0.0,,0.5893568992614746,,0.24514815211296082,,1.014898657798767
,175,,,,,,,,,,,,,,,,,,,,,,,,,,,,,,,,,,,,,,,,,0.6898219585418701,,0.2517804503440857,,0.42478594183921814,,0.0,,0.3420272171497345,,0.2178117334842682,,0.8164433240890503,,0.4022757112979889,,0.5962803959846497,,0.0,,0.5097172856330872,,0.3577100336551666,,1.1428183317184448
,176,,,,,,,,,,,,,,,,,,,,,,,,,,,,,,,,,,,,,,,,,0.6793863773345947,,0.30430981516838074,,0.34166190028190613,,0.14530153572559357,,0.34793442487716675,,0.13936388492584229,,0.8090888261795044,,0.466621994972229,,0.5093114972114563,,0.2537350058555603,,0.5162482857704163,,0.24463453888893127,,1.1111961603164673
,177,,,,,,,,,,,,,,,,,,,,,,,,,,,,,,,,,,,,,,,,,0.8186390399932861,,0.22171244025230408,,0.2732884883880615,,0.15278489887714386,,0.41673120856285095,,0.23831279575824738,,0.9002765417098999,,0.3629535734653473,,0.4292640686035156,,0.26507097482681274,,0.5882996320724487,,0.38489919900894165,,0.9280384182929993
,178,,,,,,,,,,,,,,,,,,,,,,,,,,,,,,,,,,,,,,,,,0.7632029056549072,,0.3510875105857849,,0.2969492971897125,,0.08180300146341324,,0.3178189992904663,,0.08743181079626083,,0.8657006025314331,,0.5197110176086426,,0.4579196870326996,,0.15123456716537476,,0.48234090209007263,,0.16080422699451447,,1.1011589765548706
,179,,,,,,,,,,,,,,,,,,,,,,,,,,,,,,,,,,,,,,,,,0.7308598160743713,,0.19523954391479492,,0.10374244302511215,,0.06397797167301178,,0.29834526777267456,,0.13788101077079773,,0.8445048928260803,,0.3266952633857727,,0.18798306584358215,,0.12026183307170868,,0.45957767963409424,,0.24234697222709656,,1.0859404802322388
17,701,,,,,,,,,,,,,,,,,,,,,,,,,,,,,,,,,,,,,,,,0.7251251935958862,,0.24220000207424164,,0.2722409963607788,,0.11209093779325485,,0.3557659685611725,,0.1749332994222641,,0.8394848704338074,,0.3829125463962555,,0.416197270154953,,0.18494746088981628,,0.5238127112388611,,0.2946498990058899,,1.0929391384124756,
18,709,,,,,,,,,,,,,,,,,,,,,,,,,,,0.757263720035553,0.3054787814617157,0.44213300943374634,0.1374831348657608,0.7208736538887024,0.5285008549690247,0.8618668913841248,0.4679950177669525,0.6131653785705566,0.2417321652173996,0.837799608707428,0.6915283799171448,0.5325087308883667,,,,,,,,,,,,,,,,,,,,,,,,,,
18,719,,,,,,,,,,,,,,,,,,,,,,,,,,,0.759310781955719,0.42699769139289856,0.2803729772567749,0.008874195627868176,0.7308434247970581,0.509263813495636,0.8631911873817444,0.5984560251235962,0.43795517086982727,0.01759227365255356,0.8444939851760864,0.6748506426811218,0.5150971412658691,,,,,,,,,,,,,,,,,,,,,,,,,,
18,729,,,,,,,,,,,,,,,,,,,,,,,,,,,0.7021397948265076,0.34371131658554077,0.4328654110431671,0.4541361927986145,0.6447234749794006,0.3602163791656494,0.8250083923339844,0.5115850567817688,0.6041954755783081,0.6246129870414734,0.7839900851249695,0.5296457409858704,0.5737683176994324,,,,,,,,,,,,,,,,,,,,,,,,,,
18,739,,,,,,,,,,,,,,,,,,,,,,,,,,,0.7895417809486389,0.44842833280563354,0.35749223828315735,0.23717409372329712,0.7065241932868958,0.40547725558280945,0.8823954463005066,0.6191929578781128,0.5266950726509094,0.3834126591682434,0.8280271291732788,0.5769957900047302,0.47341665625572205,,,,,,,,,,,,,,,,,,,,,,,,,,
,180,,,,,,,,,,,,,,,,,,,,,,,,,,,,,,,,,,,,,,,,,0.7235775589942932,,0.49899259209632874,,0.290129691362381,,0.0,,0.5360698699951172,,0.5605687499046326,,0.8396228551864624,,0.6657705903053284,,0.4497682452201843,,0.0,,0.6979758739471436,,0.7184159159660339,,0.6748518943786621
,181,,,,,,,,,,,,,,,,,,,,,,,,,,,,,,,,,,,,,,,,,0.71953284740448,,0.19546298682689667,,0.07027404010295868,,0.0,,0.6578199863433838,,0.3434146046638489,,0.8368934392929077,,0.3270080089569092,,0.13131971657276154,,0.0,,0.7935964465141296,,0.5112563371658325,,0.6576390862464905
,182,,,,,,,,,,,,,,,,,,,,,,,,,,,,,,,,,,,,,,,,,0.706321120262146,,0.30702823400497437,,0.264852911233902,,0.11824589222669601,,0.577267587184906,,0.45264267921447754,,0.8278876543045044,,0.46981117129325867,,0.41878846287727356,,0.21148459613323212,,0.7319843769073486,,0.623198926448822,,0.6410188674926758
,183,,,,,,,,,,,,,,,,,,,,,,,,,,,,,,,,,,,,,,,,,0.6006739139556885,,0.2572753131389618,,0.47440585494041443,,0.017002465203404427,,0.5318034887313843,,0.41034603118896484,,0.7505262494087219,,0.40925851464271545,,0.6435213685035706,,0.033436428755521774,,0.6943495273590088,,0.5819082856178284,,0.7620068192481995
,184,,,,,,,,,,,,,,,,,,,,,,,,,,,,,,,,,,,,,,,,,0.6904878616333008,,0.4490715563297272,,0.16854561865329742,,0.0,,0.6592209339141846,,0.41669538617134094,,0.8169096112251282,,0.6198059320449829,,0.2884707450866699,,0.0,,0.7946149706840515,,0.5882639288902283,,0.6907753348350525
,185,,,,,,,,,,,,,,,,,,,,,,,,,,,,,,,,,,,,,,,,,0.6182937026023865,,0.49331602454185486,,0.45700958371162415,,0.0,,0.582813024520874,,0.4771338701248169,,0.7641304135322571,,0.6606987714767456,,0.6273254156112671,,0.0,,0.7364268898963928,,0.646026611328125,,0.6992441415786743
,186,,,,,,,,,,,,,,,,,,,,,,,,,,,,,,,,,,,,,,,,,0.6689183712005615,,0.40817251801490784,,0.4328189194202423,,0.0008748906548134983,,0.6287670731544495,,0.36080771684646606,,0.8016190528869629,,0.5797194838523865,,0.6041501760482788,,0.0017482517287135124,,0.7720773220062256,,0.5302846431732178,,0.6492083072662354
,187,,,,,,,,,,,,,,,,,,,,,,,,,,,,,,,,,,,,,,,,,0.7722336053848267,,0.33889731764793396,,0.3371207118034363,,0.10852357000112534,,0.705798327922821,,0.4797873795032501,,0.8714805841445923,,0.5062334537506104,,0.5042487382888794,,0.19579839706420898,,0.8275284171104431,,0.648454487323761,,0.5411239862442017
,188,,,,,,,,,,,,,,,,,,,,,,,,,,,,,,,,,,,,,,,,,0.7739778161048889,,0.5647319555282593,,0.4725504517555237,,0.005873715039342642,,0.7029361128807068,,0.3030110001564026,,0.872590184211731,,0.7218258380889893,,0.641812264919281,,0.011678831651806831,,0.8255578279495239,,0.46509355306625366,,0.50655198097229
,189,,,,,,,,,,,,,,,,,,,,,,,,,,,,,,,,,,,,,,,,,0.7159777879714966,,0.31593066453933716,,0.23130524158477783,,0.16154970228672028,,0.5702118873596191,,0.3205496072769165,,0.8344837427139282,,0.4801630973815918,,0.37570738792419434,,0.2781623601913452,,0.7262865304946899,,0.48547908663749695,,0.6531170606613159
18,740,,,,,,,,,,,,,,,,,,,,,,,,,,,,,,,,,,,,,,,,0.6981644034385681,,0.3861808776855469,,0.3242585062980652,,0.035288531333208084,,0.617486834526062,,0.4170176386833191,,0.8209814429283142,,0.5471704602241516,,0.47307538986206055,,0.06315229088068008,,0.7616998553276062,,0.5844787955284119,,0.6475537419319153,
19,749,,,,,,,,,,,,,,,,,,,,,,,,,,,0.6408025622367859,0.2384301871061325,0.5661055445671082,0.5809738039970398,0.6295278072357178,0.49805787205696106,0.7810842990875244,0.38505229353904724,0.7229468822479248,0.7349569201469421,0.7726505994796753,0.6649380922317505,0.5846591591835022,,,,,,,,,,,,,,,,,,,,,,,,,,
19,759,,,,,,,,,,,,,,,,,,,,,,,,,,,0.7128056883811951,0.43679124116897583,0.7288683652877808,0.139827698469162,0.7727529406547546,0.5919532179832458,0.8323252201080322,0.6080093383789062,0.8431739211082458,0.24534884095191956,0.8718112111091614,0.7436816692352295,0.42900243401527405,,,,,,,,,,,,,,,,,,,,,,,,,,
19,769,,,,,,,,,,,,,,,,,,,,,,,,,,,0.7877469658851624,0.5803702473640442,0.5203792452812195,0.18387234210968018,0.8232342004776001,0.49289247393608093,0.8812734484672546,0.7344737648963928,0.684538722038269,0.3106286823749542,0.9030482172966003,0.6603187918663025,0.45749717950820923,,,,,,,,,,,,,,,,,,,,,,,,,,
19,779,,,,,,,,,,,,,,,,,,,,,,,,,,,0.6120049357414246,0.0,0.0,0.0,0.49867820739746094,0.6052547097206116,0.7593090534210205,0.0,0.0,0.0,0.6654906868934631,0.7540917992591858,0.6756150126457214,,,,,,,,,,,,,,,,,,,,,,,,,,
,190,,,,,,,,,,,,,,,,,,,,,,,,,,,,,,,,,,,,,,,,,0.7316710352897644,,0.46204981207847595,,0.1923261433839798,,0.14183436334133148,,0.5964898467063904,,0.5454927086830139,,0.8450462222099304,,0.6320575475692749,,0.3226065933704376,,0.2484324723482132,,0.7472516894340515,,0.705914318561554,,0.7077626585960388
,191,,,,,,,,,,,,,,,,,,,,,,,,,,,,,,,,,,,,,,,,,0.7011624574661255,,0.1953737735748291,,0.11663975566625595,,0.03752356767654419,,0.6583755016326904,,0.3585253357887268,,0.8243333101272583,,0.32688313722610474,,0.20891205966472626,,0.0723329409956932,,0.794000506401062,,0.5278154611587524,,0.6680539846420288
,192,,,,,,,,,,,,,,,,,,,,,,,,,,,,,,,,,,,,,,,,,0.7565451860427856,,0.21410612761974335,,0.15065523982048035,,0.3773491680622101,,0.6923190355300903,,0.4668395221233368,,0.8614013195037842,,0.35269755125045776,,0.2618598937988281,,0.5479353666305542,,0.8181897401809692,,0.6365243196487427,,0.5884712934494019
,193,,,,,,,,,,,,,,,,,,,,,,,,,,,,,,,,,,,,,,,,,0.6822989583015442,,0.24787135422229767,,0.33737656474113464,,0.18528567254543304,,0.6643496155738831,,0.45140084624290466,,0.8111506700515747,,0.39727067947387695,,0.504534900188446,,0.31264305114746094,,0.7983294129371643,,0.622020959854126,,0.6997932195663452
,194,,,,,,,,,,,,,,,,,,,,,,,,,,,,,,,,,,,,,,,,,0.7798396944999695,,0.41389477252960205,,0.2702731788158417,,0.0,,0.7551519274711609,,0.5047874450683594,,0.8763032555580139,,0.5854675769805908,,0.42553552985191345,,0.0,,0.8604975342750549,,0.6709086298942566,,0.5251308083534241
,195,,,,,,,,,,,,,,,,,,,,,,,,,,,,,,,,,,,,,,,,,0.6959536075592041,,0.3749426603317261,,0.38071295619010925,,0.0,,0.7286791801452637,,0.4741622805595398,,0.8207224607467651,,0.5453938841819763,,0.5514730215072632,,0.0,,0.8430473208427429,,0.6432972550392151,,0.5745029449462891
,196,,,,,,,,,,,,,,,,,,,,,,,,,,,,,,,,,,,,,,,,,0.7035192251205444,,0.27125367522239685,,0.2094479352235794,,0.0,,0.736574113368988,,0.4289007782936096,,0.8259598016738892,,0.4267498850822449,,0.3463529646396637,,0.0,,0.8483071327209473,,0.6003226637840271,,0.6239639520645142
,197,,,,,,,,,,,,,,,,,,,,,,,,,,,,,,,,,,,,,,,,,0.8070796728134155,,0.26213961839675903,,0.18497681617736816,,0.18749436736106873,,0.7652257680892944,,0.48175033926963806,,0.8932419419288635,,0.4153892397880554,,0.3122032582759857,,0.31578147411346436,,0.8670004606246948,,0.650244951248169,,0.49490293860435486
,198,,,,,,,,,,,,,,,,,,,,,,,,,,,,,,,,,,,,,,,,,0.7848708033561707,,0.427343487739563,,0.35776206851005554,,0.047818683087825775,,0.7384579181671143,,0.310543417930603,,0.879470705986023,,0.5987955927848816,,0.5269878506660461,,0.09127281606197357,,0.8495551347732544,,0.4739154875278473,,0.5073198080062866
,199,,,,,,,,,,,,,,,,,,,,,,,,,,,,,,,,,,,,,,,,,0.7751507759094238,,0.42017585039138794,,0.17391449213027954,,0.34709855914115906,,0.7095777988433838,,0.40266138315200806,,0.8733351230621338,,0.5917236804962158,,0.29629841446876526,,0.5153276324272156,,0.8301205039024353,,0.5741391181945801,,0.5217031240463257
19,779,,,,,,,,,,,,,,,,,,,,,,,,,,,,,,,,,,,,,,,,0.7401694655418396,,0.3244268596172333,,0.24053117632865906,,0.12188348174095154,,0.7042714357376099,,0.4444660246372223,,0.8500028252601624,,0.48210445046424866,,0.3795802593231201,,0.19537478685379028,,0.8254090547561646,,0.6122990846633911,,0.5911604762077332,
,0,,0.867583155632019,,0.4125622510910034,,0.26230499148368835,,0.5358999371528625,,0.6562972068786621,,0.4066466689109802,,0.9290972352027893,,0.5841332077980042,,0.4155968427658081,,0.6978318095207214,,0.7924872636795044,,0.5781788229942322,,0.5508013963699341,,,,,,,,,,,,,,,,,,,,,,,,,,,,,,,,,,,,,,,
,1,,0.8209331631660461,,0.33579960465431213,,0.1760939210653305,,0.13725081086158752,,0.5071040391921997,,0.4007118344306946,,0.9016620516777039,,0.502769410610199,,0.29945555329322815,,0.2413729876279831,,0.6729515790939331,,0.5721545815467834,,0.6103206872940063,,,,,,,,,,,,,,,,,,,,,,,,,,,,,,,,,,,,,,,
,2,,0.8158537745475769,,0.4278137683868408,,0.1837209314107895,,0.09759203344583511,,0.500019371509552,,0.5219064354896545,,0.8985897302627563,,0.5992571115493774,,0.31041258573532104,,0.1778293401002884,,0.6666839122772217,,0.6858587265014648,,0.651573896408081,,,,,,,,,,,,,,,,,,,,,,,,,,,,,,,,,,,,,,,
,3,,0.7535644173622131,,0.45415788888931274,,0.25501447916030884,,0.04546162858605385,,0.40398868918418884,,0.40661299228668213,,0.8594658970832825,,0.6246335506439209,,0.4063928723335266,,0.08696947991847992,,0.5754870772361755,,0.5781447887420654,,0.7284425497055054,,,,,,,,,,,,,,,,,,,,,,,,,,,,,,,,,,,,,,,
20,780,0.82445228099823,,0.39996209740638733,,0.21343672275543213,,0.23000212013721466,,0.5353209376335144,,0.4384459853172302,,0.9033790826797485,,0.5700179934501648,,0.3500398099422455,,0.3360242247581482,,0.6934976577758789,,0.6077470183372498,,0.6352846622467041,,,,,,,,,,,,,,,,,,,,,,,,,,,,,,,,,,,,,,,,
